date,card_en,card_zh,grading_company,grade,psa_grade,price_usd,price_twd,exchange_rate,source,source_platform,listed_price_usd,actual_price_usd,original_price_display,sale_type,owned,url,source_url,data_origin,reconciled_from,rate_basis
2026-07-26,Ninetales,九尾,PSA,8,PSA 8,765,24709,32.3,eBay,eBay via 130point,765,765,$765.00 USD,Fixed Price,,https://ebay.com/itm/137430706379?nordt=true,https://ebay.com/itm/137430706379?nordt=true,combined_graded.xlsx,price_history.csv (2026-07-26),existing price_history.csv rate for date
2026-07-26,Magikarp,鯉魚王,PSA,10,PSA 10,3050,98515,32.3,eBay,eBay,,3050,,,,,,price_history.csv,,existing price_history.csv rate for date
2026-07-26,Pikachu (Jungle),2000叢林皮卡丘,PSA,8,PSA 8,27.6,891,32.3,Fanatics,Fanatics,,27.6,,,,,,price_history.csv,,existing price_history.csv rate for date
2026-07-26,Pikachu (Jungle),2000叢林皮卡丘,PSA,10,PSA 10,525,16958,32.3,Fanatics,Fanatics,,525,,,,,,price_history.csv,,existing price_history.csv rate for date
2026-07-25,Blastoise,水箭龜,PSA,8,PSA 8,1713,55330,32.3,eBay,eBay,,1713,,,,,,price_history.csv,,existing price_history.csv rate for date
2026-07-25,Zapdos,閃電鳥,PSA,8,PSA 8,610,19703,32.3,eBay,eBay,,610,,,,,,price_history.csv,,existing price_history.csv rate for date
2026-07-26,Ninetales,九尾,PSA,8,PSA 8,798.88,25804,32.3,eBay,eBay,,798.88,,,,,,price_history.csv,,existing price_history.csv rate for date
2026-07-25,Mew,2006 傳說締造者 夢幻,PSA,9,PSA 9,204,6589,32.3,eBay,eBay,,204,,,,,,price_history.csv,,existing price_history.csv rate for date
2026-07-25,Pikachu (Jungle),2000叢林皮卡丘,PSA,10,PSA 10,640,20672,32.3,eBay,eBay,,640,,,,,,price_history.csv,,existing price_history.csv rate for date
2026-07-24,Mewtwo,超夢,PSA,9,PSA 9,3038,98127,32.3,eBay,eBay,,3038,,,,,,price_history.csv,,existing price_history.csv rate for date
2026-07-24,Magikarp,鯉魚王,PSA,9,PSA 9,136,4393,32.3,eBay,eBay,,136,,,,,,price_history.csv,,existing price_history.csv rate for date
2026-07-19,Bulbasaur,妙蛙種子,PSA,9,PSA 9,98,3165,32.3,Fanatics,Fanatics,,98,,,,,,price_history.csv,,existing price_history.csv rate for date
2026-07-19,Pikachu (Jungle),2000叢林皮卡丘,PSA,9,PSA 9,65,2100,32.3,Fanatics,Fanatics,,65,,,,,,price_history.csv,,existing price_history.csv rate for date
2026-07-18,Pikachu (Jungle),2000叢林皮卡丘,PSA,9,PSA 9,112,3618,32.3,eBay,eBay,,112,,,,,,price_history.csv,,existing price_history.csv rate for date
2026-07-12,Mew,2006 傳說締造者 夢幻,PSA,9,PSA 9,203,6557,32.3,eBay,eBay,,203,,,,,,price_history.csv,,existing price_history.csv rate for date
2026-07-11,Pikachu,皮卡丘,PSA,7,PSA 7,250,8075,32.3,eBay,eBay via 130point,250,250,$250.00 USD,Fixed Price,,https://ebay.com/itm/137497386723?nordt=true,https://ebay.com/itm/137497386723?nordt=true,combined_graded.xlsx,price_history.csv (2026-07-11),existing price_history.csv rate for date
2026-07-11,Mew EX,2006 傳說締造者 夢幻EX,BGS,9,BGS 9,561,18120,32.3,eBay,eBay,,561,,,,,,price_history.csv,,existing price_history.csv rate for date
2026-07-11,Pikachu (Jungle),2000叢林皮卡丘,PSA,8,PSA 8,74,2390,32.3,eBay,eBay,,74,,,,,,price_history.csv,,existing price_history.csv rate for date
2026-07-06,Pikachu (Jungle),2000叢林皮卡丘,PSA,10,PSA 10,610,19703,32.3,eBay,eBay,,610,,,,,,price_history.csv,,existing price_history.csv rate for date
2026-07-05,Pikachu (Jungle),2000叢林皮卡丘,PSA,10,PSA 10,692,22352,32.3,eBay,eBay,,692,,,,,,price_history.csv,,existing price_history.csv rate for date
2026-07-02,Pikachu,皮卡丘,PSA,10,PSA 10,2700,87210,32.3,ALT,ALT,,2700,,,,,,price_history.csv,,existing price_history.csv rate for date
2026-07-02,Pikachu (Jungle),2000叢林皮卡丘,PSA,9,PSA 9,112,3618,32.3,ALT,ALT,,112,,,,,,price_history.csv,,existing price_history.csv rate for date
2026-07-01,Pikachu (Jungle),2000叢林皮卡丘,PSA,9,PSA 9,55,1776,32.3,Fanatics,Fanatics,,55,,,,,,price_history.csv,,existing price_history.csv rate for date
2026-07-01,Pikachu (Jungle),2000叢林皮卡丘,PSA,10,PSA 10,700,22610,32.3,eBay,eBay,,700,,,,,,price_history.csv,,existing price_history.csv rate for date
2026-07-01,Pikachu (Jungle),2000叢林皮卡丘,PSA,10,PSA 10,642,20737,32.3,Heritage,Heritage,,642,,,,,,price_history.csv,,existing price_history.csv rate for date
2026-06-28,Pikachu (Jungle),2000叢林皮卡丘,PSA,8,PSA 8,60,1938,32.3,eBay,eBay,,60,,,,,,price_history.csv,,existing price_history.csv rate for date
2026-06-27,Pikachu,皮卡丘,PSA,7,PSA 7,165,5329,32.3,eBay,eBay via 130point,165,165,$165.00 USD,Fixed Price,,https://ebay.com/itm/137459127594?nordt=true,https://ebay.com/itm/137459127594?nordt=true,combined_graded.xlsx,price_history.csv (2026-06-27),existing price_history.csv rate for date
2026-06-26,Pikachu,皮卡丘,PSA,9,PSA 9,565,18250,32.3,eBay,eBay,,565,,,,,,price_history.csv,,existing price_history.csv rate for date
2026-06-25,Pikachu,皮卡丘,PSA,9,PSA 9,553,17862,32.3,eBay,eBay,,553,,,,,,price_history.csv,,existing price_history.csv rate for date
2026-06-21,Pikachu (Jungle),2000叢林皮卡丘,PSA,9,PSA 9,112.8,3643,32.3,Fanatics,Fanatics,,112.8,,,,,,price_history.csv,,existing price_history.csv rate for date
2026-06-20,Magneton,三合一磁怪,PSA,7,PSA 7,273,8818,32.3,eBay,eBay,,273,,,,,,price_history.csv,,existing price_history.csv rate for date
2026-06-19,Blastoise,水箭龜,PSA,9,PSA 9,2800,90440,32.3,eBay,eBay,,2800,,,,,,price_history.csv,,existing price_history.csv rate for date
2026-06-19,Mew,2006 傳說締造者 夢幻,PSA,9,PSA 9,345,11143,32.3,eBay,eBay,,345,,,,,,price_history.csv,,existing price_history.csv rate for date
2026-06-18,Charizard,噴火龍,BGS,9,BGS 9,14640,472872,32.3,ALT,ALT,,14640,,,,,,price_history.csv,,existing price_history.csv rate for date
2026-06-18,Charizard,噴火龍,BGS,8.5,BGS 8.5,10547,340668,32.3,ALT,ALT,,10547,,,,,,price_history.csv,,existing price_history.csv rate for date
2026-06-17,Mew,2006 傳說締造者 夢幻,PSA,9,PSA 9,250,8075,32.3,Fanatics,Fanatics,,250,,,,,,price_history.csv,,existing price_history.csv rate for date
2026-06-17,Mew EX,2006 傳說締造者 夢幻EX,PSA,9,PSA 9,600,19380,32.3,eBay,eBay,,600,,,,,,price_history.csv,,existing price_history.csv rate for date
2026-06-17,Pikachu (Jungle),2000叢林皮卡丘,PSA,8,PSA 8,64,2067,32.3,eBay,eBay,,64,,,,,,price_history.csv,,existing price_history.csv rate for date
2026-06-16,Pikachu (Jungle),2000叢林皮卡丘,PSA,9,PSA 9,123,3973,32.3,eBay,eBay,,123,,,,,,price_history.csv,,existing price_history.csv rate for date
2026-06-15,Machamp,怪力,PSA,8,PSA 8,400,12920,32.3,eBay,eBay via 130point,700,400,$400.00 USD,Best Offer Accepted,,https://ebay.com/itm/298417613143?nordt=true,https://ebay.com/itm/298417613143?nordt=true,combined_graded.xlsx,price_history.csv (2026-06-15),existing price_history.csv rate for date
2026-06-15,Machamp,怪力,PSA,7,PSA 7,300,9690,32.3,eBay,eBay via 130point,500,300,$300.00 USD,Best Offer Accepted,,https://ebay.com/itm/298417617392?nordt=true,https://ebay.com/itm/298417617392?nordt=true,combined_graded.xlsx,price_history.csv (2026-06-15),existing price_history.csv rate for date
2026-06-15,Machamp,怪力,PSA,6,PSA 6,200,6460,32.3,eBay,eBay,,200,,,,,,price_history.csv,,existing price_history.csv rate for date
2026-06-14,Machamp,怪力,PSA,8,PSA 8,456,14729,32.3,eBay,eBay,,456,,,,,,price_history.csv,,existing price_history.csv rate for date
2026-06-11,Alakazam,胡地,PSA,8,PSA 8,895,28908,32.3,eBay,eBay via 130point,895,895,$895.00 USD,Fixed Price,,https://ebay.com/itm/227312360483?nordt=true,https://ebay.com/itm/227312360483?nordt=true,combined_graded.xlsx,price_history.csv (2026-06-11),existing price_history.csv rate for date
2026-06-11,Pikachu (Jungle),2000叢林皮卡丘,PSA,9,PSA 9,121,3908,32.3,Fanatics,Fanatics,,121,,,,,,price_history.csv,,existing price_history.csv rate for date
2026-06-09,Pikachu (Jungle),2000叢林皮卡丘,PSA,9,PSA 9,183,5911,32.3,eBay,eBay,,183,,,,,,price_history.csv,,existing price_history.csv rate for date
2026-06-08,Blastoise,水箭龜,PSA,9,PSA 9,3150,101745,32.3,eBay,eBay,,3150,,,,,,price_history.csv,,existing price_history.csv rate for date
2026-06-08,Venusaur,妙蛙花,PSA,9,PSA 9,2323,75033,32.3,eBay,eBay,,2323,,,,,,price_history.csv,,existing price_history.csv rate for date
2026-06-07,Charizard,噴火龍,BGS,6.5,BGS 6.5,3350,108205,32.3,Fanatics,Fanatics,,3350,,,,,,price_history.csv,,existing price_history.csv rate for date
2026-06-07,Mewtwo,超夢,PSA,9,PSA 9,2473,79878,32.3,eBay,eBay,,2473,,,,,,price_history.csv,,existing price_history.csv rate for date
2026-06-07,Mewtwo,超夢,PSA,7,PSA 7,690,22287,32.3,Fanatics,Fanatics,690,690,$690,Auction,,https://www.fanaticscollect.com/weekly/eff2647a-5b95-11f1-bdf2-0a58a9feac02,https://www.fanaticscollect.com/weekly/eff2647a-5b95-11f1-bdf2-0a58a9feac02,combined_graded.xlsx,price_history.csv (2026-06-07),existing price_history.csv rate for date
2026-06-07,Zapdos,閃電鳥,PSA,9,PSA 9,1300,41990,32.3,eBay,eBay,,1300,,,,,,price_history.csv,,existing price_history.csv rate for date
2026-06-07,Chansey,吉利蛋,PSA,8,PSA 8,648,20930,32.3,eBay,eBay,,648,,,,,,price_history.csv,,existing price_history.csv rate for date
2026-06-07,Alakazam,胡地,PSA,8,PSA 8,493,15924,32.3,eBay,eBay,,493,,,,,,price_history.csv,,existing price_history.csv rate for date
2026-06-07,Nidoking,尼多王,PSA,9,PSA 9,1364,44057,32.3,eBay,eBay,,1364,,,,,,price_history.csv,,existing price_history.csv rate for date
2026-06-07,Machamp,怪力,PSA,8,PSA 8,451,14567,32.3,eBay,eBay,,451,,,,,,price_history.csv,,existing price_history.csv rate for date
2026-06-07,Ninetales,九尾,PSA,9,PSA 9,1483,47901,32.3,eBay,eBay,,1483,,,,,,price_history.csv,,existing price_history.csv rate for date
2026-06-07,Raichu,雷丘,PSA,9,PSA 9,2950,95285,32.3,eBay,eBay,,2950,,,,,,price_history.csv,,existing price_history.csv rate for date
2026-06-07,Clefairy,皮皮,PSA,8,PSA 8,436,14083,32.3,eBay,eBay,,436,,,,,,price_history.csv,,existing price_history.csv rate for date
2026-06-07,Magneton,三合一磁怪,PSA,9,PSA 9,1650,53295,32.3,eBay,eBay,,1650,,,,,,price_history.csv,,existing price_history.csv rate for date
2026-06-07,Hitmonchan,快拳郎(艾比郎),PSA,8,PSA 8,353,11402,32.3,eBay,eBay,,353,,,,,,price_history.csv,,existing price_history.csv rate for date
2026-06-07,Poliwrath,蚊香泳士(快泳蛙),PSA,9,PSA 9,919,29684,32.3,eBay,eBay,,919,,,,,,price_history.csv,,existing price_history.csv rate for date
2026-06-06,Zapdos,閃電鳥,PSA,9,PSA 9,1107,35756,32.3,eBay,eBay,,1107,,,,,,price_history.csv,,existing price_history.csv rate for date
2026-06-05,Squirtle,傑尼龜,PSA,9,PSA 9,114,3682,32.3,eBay,eBay,,114,,,,,,price_history.csv,,existing price_history.csv rate for date
2026-06-04,Blastoise,水箭龜,PSA,8,PSA 8,1176,37985,32.3,社團,社團,,1176,,,,,,price_history.csv,,existing price_history.csv rate for date
2026-06-01,Pikachu (Jungle),2000叢林皮卡丘,PSA,8,PSA 8,80,2584,32.3,eBay,eBay,,80,,,,,,price_history.csv,,existing price_history.csv rate for date
2026-05-31,Charizard,噴火龍,PSA,8,PSA 8,9600,310080,32.3,Fanatics,Fanatics,9600,9600,"$9,600",Auction,Auction,https://www.fanaticscollect.com/weekly/c46a1278-586e-11f1-b371-0a58a9feac02,https://www.fanaticscollect.com/weekly/c46a1278-586e-11f1-b371-0a58a9feac02,combined_graded.xlsx,price_history.csv (2026-05-31),existing price_history.csv rate for date
2026-05-31,Blastoise,水箭龜,PSA,8,PSA 8,1290,41667,32.3,Fanatics,Fanatics,1290,1290,"$1,290",Auction,Auction,https://www.fanaticscollect.com/weekly/bd9477a4-586e-11f1-8623-0a58a9feac02,https://www.fanaticscollect.com/weekly/bd9477a4-586e-11f1-8623-0a58a9feac02,combined_graded.xlsx,price_history.csv (2026-05-31),existing price_history.csv rate for date
2026-05-31,Blastoise,水箭龜,PSA,8,PSA 8,1320,42636,32.3,Fanatics,Fanatics,1320,1320,"$1,320",Auction,Auction,https://www.fanaticscollect.com/weekly/a5cdc944-4645-11f1-b9b7-0a58a9feac02,https://www.fanaticscollect.com/weekly/a5cdc944-4645-11f1-b9b7-0a58a9feac02,combined_graded.xlsx,price_history.csv (2026-05-31),existing price_history.csv rate for date
2026-05-31,Venusaur,妙蛙花,PSA,8,PSA 8,1350,43605,32.3,Fanatics,Fanatics,1350,1350,"$1,350",Auction,Auction,https://www.fanaticscollect.com/weekly/b6bdc1c4-586e-11f1-a8dd-0a58a9feac02,https://www.fanaticscollect.com/weekly/b6bdc1c4-586e-11f1-a8dd-0a58a9feac02,combined_graded.xlsx,price_history.csv (2026-05-31),existing price_history.csv rate for date
2026-05-31,Zapdos,閃電鳥,PSA,8,PSA 8,600,19380,32.3,Fanatics,Fanatics,600,600,$600,Auction,,https://www.fanaticscollect.com/weekly/a65c6d02-4645-11f1-9fd5-0a58a9feac02,https://www.fanaticscollect.com/weekly/a65c6d02-4645-11f1-9fd5-0a58a9feac02,combined_graded.xlsx,price_history.csv (2026-05-31),existing price_history.csv rate for date
2026-05-31,Machamp,怪力,PSA,8,PSA 8,930,30039,32.3,Fanatics,Fanatics,930,930,$930,Auction,,https://www.fanaticscollect.com/weekly/a6596cd8-4645-11f1-968e-0a58a9feac02,https://www.fanaticscollect.com/weekly/a6596cd8-4645-11f1-968e-0a58a9feac02,combined_graded.xlsx,price_history.csv (2026-05-31),existing price_history.csv rate for date
2026-05-31,Raichu,雷丘,PSA,8,PSA 8,588,18992,32.3,Fanatics,Fanatics,588,588,$588,Auction,,https://www.fanaticscollect.com/weekly/a65af530-4645-11f1-bc43-0a58a9feac02,https://www.fanaticscollect.com/weekly/a65af530-4645-11f1-bc43-0a58a9feac02,combined_graded.xlsx,price_history.csv (2026-05-31),existing price_history.csv rate for date
2026-05-31,Pikachu (Jungle),2000叢林皮卡丘,PSA,9,PSA 9,125,4037,32.3,eBay,eBay,,125,,,,,,price_history.csv,,existing price_history.csv rate for date
2026-05-30,Pikachu (Jungle),2000叢林皮卡丘,PSA,9,PSA 9,121,3908,32.3,eBay,eBay,,121,,,,,,price_history.csv,,existing price_history.csv rate for date
2026-05-27,Pikachu,皮卡丘,PSA,8,PSA 8,300,9690,32.3,eBay,eBay via 130point,300,300,$300.00 USD,Fixed Price,,https://ebay.com/itm/137348155622?nordt=true,https://ebay.com/itm/137348155622?nordt=true,combined_graded.xlsx,price_history.csv (2026-05-27),existing price_history.csv rate for date
2026-05-26,Pikachu (Jungle),2000叢林皮卡丘,PSA,10,PSA 10,975,31492,32.3,eBay,eBay,,975,,,,,,price_history.csv,,existing price_history.csv rate for date
2026-05-24,Clefairy,皮皮,PSA,7,PSA 7,500,16150,32.3,eBay,eBay,,500,,,,,,price_history.csv,,existing price_history.csv rate for date
2026-05-23,Charizard,噴火龍,PSA,8,PSA 8,7740,250002,32.3,社團,社團,,7740,,,,,,price_history.csv,,existing price_history.csv rate for date
2026-05-23,Charizard,噴火龍,PSA,8,PSA 8,7740,250002,32.3,社團,社團,,7740,,,,,,price_history.csv,,existing price_history.csv rate for date
2026-05-22,Raichu,雷丘,PSA,8,PSA 8,604,19509,32.3,eBay,eBay,,604,,,,,,price_history.csv,,existing price_history.csv rate for date
2026-05-22,Pikachu (Jungle),2000叢林皮卡丘,PSA,8,PSA 8,80,2584,32.3,eBay,eBay,,80,,,,,,price_history.csv,,existing price_history.csv rate for date
2026-05-19,Pikachu (Jungle),2000叢林皮卡丘,PSA,8,PSA 8,83,2681,32.3,eBay,eBay,,83,,,,,,price_history.csv,,existing price_history.csv rate for date
2026-05-16,Pikachu (Jungle),2000叢林皮卡丘,PSA,10,PSA 10,850,27455,32.3,eBay,eBay,,850,,,,,,price_history.csv,,existing price_history.csv rate for date
2026-05-15,Alakazam,胡地,CGC,7,CGC 7,575,18573,32.3,eBay,eBay via 130point,575,575,$575.00 USD,Fixed Price,,https://ebay.com/itm/227312410899?nordt=true,https://ebay.com/itm/227312410899?nordt=true,combined_graded.xlsx,price_history.csv (2026-05-15),existing price_history.csv rate for date
2026-05-15,Ninetales,九尾,PSA,8,PSA 8,700,22610,32.3,eBay,eBay,,700,,,,,,price_history.csv,,existing price_history.csv rate for date
2026-05-15,Mew,2006 傳說締造者 夢幻,PSA,9,PSA 9,255,8237,32.3,eBay,eBay,,255,,,,,,price_history.csv,,existing price_history.csv rate for date
2026-05-11,Magikarp,鯉魚王,RAW,RAW,裸卡,180,5814,32.3,eBay,eBay,,180,,,,,,price_history.csv,,existing price_history.csv rate for date
2026-05-10,Charizard,噴火龍,PSA,6,PSA 6,4360,140828,32.3,eBay,eBay,,4360,,,,,,price_history.csv,,existing price_history.csv rate for date
2026-05-10,Pikachu (Jungle),2000叢林皮卡丘,PSA,9,PSA 9,120,3876,32.3,eBay,eBay,,120,,,,,,price_history.csv,,existing price_history.csv rate for date
2026-05-08,Magneton,三合一磁怪,PSA,8,PSA 8,400,12920,32.3,eBay,eBay,,400,,,,,,price_history.csv,,existing price_history.csv rate for date
2026-05-06,Pikachu (Jungle),2000叢林皮卡丘,PSA,9,PSA 9,140,4522,32.3,eBay,eBay,,140,,,,,,price_history.csv,,existing price_history.csv rate for date
2026-05-03,Nidoking,尼多王,PSA,9,PSA 9,1713,55330,32.3,eBay,eBay,,1713,,,,,,price_history.csv,,existing price_history.csv rate for date
2026-05-02,Pikachu (Jungle),2000叢林皮卡丘,PSA,9,PSA 9,125,4037,32.3,eBay,eBay,,125,,,,,,price_history.csv,,existing price_history.csv rate for date
2026-05-02,Pikachu (Jungle),2000叢林皮卡丘,PSA,9,PSA 9,80,2584,32.3,eBay,eBay,,80,,,,,,price_history.csv,,existing price_history.csv rate for date
2026-04-26,Pikachu (Jungle),2000叢林皮卡丘,PSA,9,PSA 9,69.6,2248,32.3,Fanatics,Fanatics,,69.6,,,,,,price_history.csv,,existing price_history.csv rate for date
2026-04-25,Nidoking,尼多王,PSA,8,PSA 8,550,17765,32.3,eBay,eBay,,550,,,,,,price_history.csv,,existing price_history.csv rate for date
2026-04-25,Squirtle,傑尼龜,PSA,9,PSA 9,310,10013,32.3,eBay,eBay,,310,,,,,,price_history.csv,,existing price_history.csv rate for date
2026-04-25,Squirtle,傑尼龜,PSA,9,PSA 9,225,7267,32.3,eBay,eBay,,225,,,,,,price_history.csv,,existing price_history.csv rate for date
2026-04-24,Squirtle,傑尼龜,PSA,9,PSA 9,215,6944,32.3,eBay,eBay via 130point,215,215,$215.00 USD,Fixed Price,,https://ebay.com/itm/227314102334?nordt=true,https://ebay.com/itm/227314102334?nordt=true,combined_graded.xlsx,price_history.csv (2026-04-24),existing price_history.csv rate for date
2026-04-19,Pikachu (Jungle),2000叢林皮卡丘,PSA,9,PSA 9,96,3101,32.3,Fanatics,Fanatics,,96,,,,,,price_history.csv,,existing price_history.csv rate for date
2026-04-12,Poliwrath,蚊香士,PSA,8,PSA 8,420,13566,32.3,Fanatics,Fanatics,420,420,$420,Auction,,https://www.fanaticscollect.com/weekly/64d24f98-3202-11f1-bfa9-0a58a9feac02,https://www.fanaticscollect.com/weekly/64d24f98-3202-11f1-bfa9-0a58a9feac02,combined_graded.xlsx,price_history.csv (2026-04-12),existing price_history.csv rate for date
2026-04-11,Chansey,吉利蛋,PSA,8,PSA 8,883,28521,32.3,eBay,eBay,,883,,,,,,price_history.csv,,existing price_history.csv rate for date
2026-04-06,Raichu,雷丘,PSA,8,PSA 8,420,13566,32.3,eBay,eBay,,420,,,,,,price_history.csv,,existing price_history.csv rate for date
2026-04-05,Blastoise,水箭龜,PSA,9,PSA 9,2760,89148,32.3,Fanatics,Fanatics,2760,2760,"$2,760",Auction,Auction,https://www.fanaticscollect.com/weekly/f802de02-26d3-11f1-ac88-0a58a9feac02,https://www.fanaticscollect.com/weekly/f802de02-26d3-11f1-ac88-0a58a9feac02,combined_graded.xlsx,price_history.csv (2026-04-05),existing price_history.csv rate for date
2026-04-05,Venusaur,妙蛙花,PSA,9,PSA 9,2190,70737,32.3,Fanatics,Fanatics,2190,2190,"$2,190",Auction,Auction,https://www.fanaticscollect.com/weekly/ef8032c0-26d3-11f1-aff5-065010a74285,https://www.fanaticscollect.com/weekly/ef8032c0-26d3-11f1-aff5-065010a74285,combined_graded.xlsx,price_history.csv (2026-04-05),existing price_history.csv rate for date
2026-04-05,Pikachu (Jungle),2000叢林皮卡丘,PSA,8.5,PSA 8.5,32.4,1047,32.3,Fanatics,Fanatics,,32.4,,,,,,price_history.csv,,existing price_history.csv rate for date
2026-04-03,Alakazam,胡地,PSA,8,PSA 8,650,20995,32.3,eBay,eBay,,650,,,,,,price_history.csv,,existing price_history.csv rate for date
2026-04-03,Machamp,怪力,PSA,8,PSA 8,420,13566,32.3,ALT,ALT,,420,,,,,,price_history.csv,,existing price_history.csv rate for date
2026-03-30,Nidoking,尼多王,PSA,8.5,PSA 8.5,650,20995,32.3,eBay,eBay,,650,,,,,,price_history.csv,,existing price_history.csv rate for date
2026-03-29,Venusaur,妙蛙花,PSA,9,PSA 9,2005,64761,32.3,eBay,eBay,,2005,,,,,,price_history.csv,,existing price_history.csv rate for date
2026-03-29,Zapdos,閃電鳥,PSA,9,PSA 9,1205,38922,32.3,eBay,eBay,,1205,,,,,,price_history.csv,,existing price_history.csv rate for date
2026-03-29,Chansey,吉利蛋,PSA,8,PSA 8,600,19380,32.3,eBay,eBay,,600,,,,,,price_history.csv,,existing price_history.csv rate for date
2026-03-29,Nidoking,尼多王,PSA,9,PSA 9,1863,60175,32.3,eBay,eBay,,1863,,,,,,price_history.csv,,existing price_history.csv rate for date
2026-03-29,Machamp,怪力,PSA,8,PSA 8,300,9690,32.3,eBay,eBay,,300,,,,,,price_history.csv,,existing price_history.csv rate for date
2026-03-29,Ninetales,九尾,PSA,10,PSA 10,10100,326230,32.3,eBay,eBay,,10100,,,,,,price_history.csv,,existing price_history.csv rate for date
2026-03-29,Raichu,雷丘,PSA,8,PSA 8,345,11143,32.3,eBay,eBay,,345,,,,,,price_history.csv,,existing price_history.csv rate for date
2026-03-29,Clefairy,皮皮,PSA,7,PSA 7,420,13566,32.3,eBay,eBay,,420,,,,,,price_history.csv,,existing price_history.csv rate for date
2026-03-29,Magneton,三合一磁怪,PSA,9,PSA 9,1575,50872,32.3,eBay,eBay,,1575,,,,,,price_history.csv,,existing price_history.csv rate for date
2026-03-29,Poliwrath,蚊香泳士(快泳蛙),PSA,9,PSA 9,1575,50872,32.3,eBay,eBay,,1575,,,,,,price_history.csv,,existing price_history.csv rate for date
2026-03-25,Magneton,三磁怪,PSA,7,PSA 7,150,4845,32.3,Fanatics,Fanatics,150,150,$150,Buy Now,,https://www.fanaticscollect.com/buy-now/d53a59ef-8ee6-488c-aca9-48d8af2b813e,https://www.fanaticscollect.com/buy-now/d53a59ef-8ee6-488c-aca9-48d8af2b813e,combined_graded.xlsx,price_history.csv (2026-03-25),existing price_history.csv rate for date
2026-03-24,Chansey,吉利蛋,PSA,8,PSA 8,400,12920,32.3,eBay,eBay,,400,,,,,,price_history.csv,,existing price_history.csv rate for date
2026-03-22,Blastoise,水箭龜,PSA,9,PSA 9,2950,95285,32.3,eBay,eBay,,2950,,,,,,price_history.csv,,existing price_history.csv rate for date
2026-03-22,Gyarados,暴鯉龍,PSA,9,PSA 9,520,16796,32.3,eBay,eBay,,520,,,,,,price_history.csv,,existing price_history.csv rate for date
2026-03-20,Bulbasaur,妙蛙種子,PSA,9,PSA 9,85,2745,32.3,eBay,eBay,,85,,,,,,price_history.csv,,existing price_history.csv rate for date
2026-03-18,Chansey,吉利蛋,PSA,8,PSA 8,287,9270,32.3,eBay,eBay,,287,,,,,,price_history.csv,,existing price_history.csv rate for date
2026-03-18,Gyarados,暴鯉龍,PSA,8,PSA 8,283,9141,32.3,eBay,eBay,,283,,,,,,price_history.csv,,existing price_history.csv rate for date
2026-03-15,Chansey,吉利蛋,PSA,7,PSA 7,290,9367,32.3,eBay,eBay,,290,,,,,,price_history.csv,,existing price_history.csv rate for date
2026-03-14,Pikachu,皮卡丘,PSA,9,PSA 9,871,28133,32.3,eBay,eBay,,871,,,,,,price_history.csv,,existing price_history.csv rate for date
2026-03-14,Nidoking,尼多王,PSA,7,PSA 7,430,13889,32.3,eBay,eBay,,430,,,,,,price_history.csv,,existing price_history.csv rate for date
2026-03-06,Zapdos,閃電鳥,PSA,8,PSA 8,550,17765,32.3,eBay,eBay,,550,,,,,,price_history.csv,,existing price_history.csv rate for date
2026-03-06,Clefairy,皮皮,PSA,8,PSA 8,350,11305,32.3,eBay,eBay,,350,,,,,,price_history.csv,,existing price_history.csv rate for date
2026-03-04,Hitmonchan,快拳郎(艾比郎),PSA,9,PSA 9,630,20349,32.3,eBay,eBay,,630,,,,,,price_history.csv,,existing price_history.csv rate for date
2026-02-27,Chansey,吉利蛋,PSA,8,PSA 8,280,9044,32.3,eBay,eBay,,280,,,,,,price_history.csv,,existing price_history.csv rate for date
2026-02-23,Charmander,小火龍,PSA,10,PSA 10,1500,48450,32.3,eBay,eBay,,1500,,,,,,price_history.csv,,existing price_history.csv rate for date
2026-02-17,Mewtwo,超夢,PSA,8,PSA 8,900,29070,32.3,eBay,eBay via 130point,1200,900,$900.00 USD,Best Offer Accepted,,https://ebay.com/itm/136943340955?nordt=true,https://ebay.com/itm/136943340955?nordt=true,combined_graded.xlsx,price_history.csv (2026-02-17),existing price_history.csv rate for date
2026-02-17,Hitmonchan,快拳郎(艾比郎),PSA,6,PSA 6,180,5814,32.3,eBay,eBay,,180,,,,,,price_history.csv,,existing price_history.csv rate for date
2026-02-09,Charmander,小火龍,PSA,8,PSA 8,175,5652,32.3,eBay,eBay via 130point,175,175,$175.00 USD,Fixed Price,,https://ebay.com/itm/136943484012?nordt=true,https://ebay.com/itm/136943484012?nordt=true,combined_graded.xlsx,price_history.csv (2026-02-09),existing price_history.csv rate for date
2026-02-09,Pikachu (Jungle),2000叢林皮卡丘,PSA,10,PSA 10,299,9658,32.3,Fanatics,Fanatics,,299,,,,,,price_history.csv,,existing price_history.csv rate for date
2026-02-05,Pikachu,皮卡丘,PSA,10,PSA 10,2437,78715,32.3,ALT,ALT,,2437,,,,,,price_history.csv,,existing price_history.csv rate for date
2026-02-05,Magikarp,鯉魚王,RAW,RAW,Raw,99,3198,32.3,eBay,eBay via 130point,99,99,$99.00 USD,Fixed Price,,https://ebay.com/itm/136900251365?nordt=true,https://ebay.com/itm/136900251365?nordt=true,combined_graded.xlsx,price_history.csv (2026-02-05),existing price_history.csv rate for date
2026-01-25,Pikachu (Jungle),2000叢林皮卡丘,PSA,8,PSA 8,32.4,1047,32.3,Fanatics,Fanatics,,32.4,,,,,,price_history.csv,,existing price_history.csv rate for date
2026-01-20,Venusaur,妙蛙花,PSA,8,PSA 8,1500,48450,32.3,eBay,eBay via 130point,1500,1500,"$1,500.00 USD",Fixed Price,Fixed Price,https://ebay.com/itm/136761026322?nordt=true,https://ebay.com/itm/136761026322?nordt=true,combined_graded.xlsx,price_history.csv (2026-01-20),existing price_history.csv rate for date
2026-01-18,Poliwrath,蚊香士,PSA,8,PSA 8,395,12758,32.3,eBay,eBay via 130point,395,395,$395.00 USD,Fixed Price,,https://ebay.com/itm/136943308679?nordt=true,https://ebay.com/itm/136943308679?nordt=true,combined_graded.xlsx,price_history.csv (2026-01-18),existing price_history.csv rate for date
2026-01-18,Pikachu (Jungle),2000叢林皮卡丘,PSA,9,PSA 9,55.2,1783,32.3,Fanatics,Fanatics,,55.2,,,,,,price_history.csv,,existing price_history.csv rate for date
2026-01-11,Pikachu (Jungle),2000叢林皮卡丘,PSA,7,PSA 7,25.2,814,32.3,Fanatics,Fanatics,,25.2,,,,,,price_history.csv,,existing price_history.csv rate for date
2026-01-05,Venusaur,妙蛙花,PSA,8,PSA 8,800,25840,32.3,eBay,eBay via 130point,1400,800,$800.00 USD,Best Offer Accepted,,https://ebay.com/itm/397446252145?nordt=true,https://ebay.com/itm/397446252145?nordt=true,combined_graded.xlsx,price_history.csv (2026-01-05),existing price_history.csv rate for date
2026-01-03,Zapdos,閃電鳥,PSA,7,PSA 7,475,15342,32.3,eBay,eBay,,475,,,,,,price_history.csv,,existing price_history.csv rate for date
2026-01-02,Alakazam,胡地,PSA,8,PSA 8,400,12920,32.3,eBay,eBay,,400,,,,,,price_history.csv,,existing price_history.csv rate for date
2026-01-01,Zapdos,閃電鳥,PSA,8,PSA 8,305,9852,32.3,eBay,eBay,,305,,,,,,price_history.csv,,existing price_history.csv rate for date
2025-12-29,Pikachu,皮卡丘,PSA,7,PSA 7,140,4522,32.3,eBay,eBay,,140,,,,,,price_history.csv,,existing price_history.csv rate for date
2025-12-28,Charizard,噴火龍,BGS,9,BGS 9,8700,278400,32,Fanatics,Fanatics,,8700,,,,,,price_history.csv,,existing price_history.csv rate for date
2025-12-28,Blastoise,水箭龜,BGS,9,BGS 9,1500,48000,32,Fanatics,Fanatics,,1500,,,,,,price_history.csv,,existing price_history.csv rate for date
2025-12-21,Pikachu (Jungle),2000叢林皮卡丘,PSA,9,PSA 9,31.2,1008,32.3,Fanatics,Fanatics,,31.2,,,,,,price_history.csv,,existing price_history.csv rate for date
2025-12-16,Ninetales,九尾,PSA,9,PSA 9,540,17442,32.3,eBay,eBay,,540,,,,,,price_history.csv,,existing price_history.csv rate for date
2025-12-16,Poliwrath,蚊香泳士(快泳蛙),PSA,9,PSA 9,600,19380,32.3,eBay,eBay,,600,,,,,,price_history.csv,,existing price_history.csv rate for date
2025-12-14,Pikachu (Jungle),2000叢林皮卡丘,PSA,9,PSA 9,37.2,1202,32.3,Fanatics,Fanatics,,37.2,,,,,,price_history.csv,,existing price_history.csv rate for date
2025-12-08,Blastoise,水箭龜,PSA,7,PSA 7,519,16764,32.3,eBay,eBay,,519,,,,,,price_history.csv,,existing price_history.csv rate for date
2025-12-08,Venusaur,妙蛙花,PSA,8,PSA 8,1100,35530,32.3,eBay,eBay via 130point,1200,1100,"$1,100.00 USD",Best Offer Accepted,Best Offer Accepted,https://ebay.com/itm/306594928214?nordt=true,https://ebay.com/itm/306594928214?nordt=true,combined_graded.xlsx,price_history.csv (2025-12-08),existing price_history.csv rate for date
2025-11-30,Pikachu,皮卡丘,PSA,7,PSA 7,40,1292,32.3,Fanatics,Fanatics,,40,,,,,,price_history.csv,,existing price_history.csv rate for date
2025-11-30,Bulbasaur,妙蛙種子,PSA,9,PSA 9,65,2100,32.3,Fanatics,Fanatics,,65,,,,,,price_history.csv,,existing price_history.csv rate for date
2025-11-28,Mewtwo,超夢,PSA,7,PSA 7,378,12209,32.3,eBay,eBay,,378,,,,,,price_history.csv,,existing price_history.csv rate for date
2025-11-28,Mewtwo,超夢,PSA,8,PSA 8,530,17119,32.3,eBay,eBay,,530,,,,,,price_history.csv,,existing price_history.csv rate for date
2025-11-28,Mewtwo,超夢,PSA,8,PSA 8,580,18734,32.3,eBay,eBay,,580,,,,,,price_history.csv,,existing price_history.csv rate for date
2025-11-28,Gyarados,暴鯉龍,PSA,8,PSA 8,350,11305,32.3,eBay,eBay,,350,,,,,,price_history.csv,,existing price_history.csv rate for date
2025-11-28,Machamp,怪力,PSA,8,PSA 8,480,15504,32.3,eBay,eBay,,480,,,,,,price_history.csv,,existing price_history.csv rate for date
2025-11-28,Machamp,怪力,PSA,6,PSA 6,335,10820,32.3,eBay,eBay,,335,,,,,,price_history.csv,,existing price_history.csv rate for date
2025-11-23,Pikachu (Jungle),2000叢林皮卡丘,PSA,10,PSA 10,62.4,2016,32.3,Fanatics,Fanatics,,62.4,,,,,,price_history.csv,,existing price_history.csv rate for date
2025-11-22,Gyarados,暴鯉龍,PSA,9,PSA 9,500,16150,32.3,eBay,eBay,,500,,,,,,price_history.csv,,existing price_history.csv rate for date
2025-11-20,Mewtwo,超夢,PSA,8,PSA 8,406,13114,32.3,eBay,eBay,,406,,,,,,price_history.csv,,existing price_history.csv rate for date
2025-11-20,Pikachu,皮卡丘,PSA,9,PSA 9,154,4974,32.3,eBay,eBay,,154,,,,,,price_history.csv,,existing price_history.csv rate for date
2025-11-20,Zapdos,閃電鳥,PSA,8.5,PSA 8.5,271,8753,32.3,eBay,eBay,,271,,,,,,price_history.csv,,existing price_history.csv rate for date
2025-11-20,Chansey,吉利蛋,PSA,8,PSA 8,351,11337,32.3,eBay,eBay,,351,,,,,,price_history.csv,,existing price_history.csv rate for date
2025-11-20,Alakazam,胡地,PSA,8,PSA 8,326,10530,32.3,eBay,eBay,,326,,,,,,price_history.csv,,existing price_history.csv rate for date
2025-11-20,Gyarados,暴鯉龍,PSA,7,PSA 7,222,7171,32.3,eBay,eBay,,222,,,,,,price_history.csv,,existing price_history.csv rate for date
2025-11-20,Nidoking,尼多王,PSA,7,PSA 7,149,4813,32.3,eBay,eBay,,149,,,,,,price_history.csv,,existing price_history.csv rate for date
2025-11-20,Ninetales,九尾,PSA,8,PSA 8,271,8753,32.3,eBay,eBay,,271,,,,,,price_history.csv,,existing price_history.csv rate for date
2025-11-20,Raichu,雷丘,PSA,8,PSA 8,202,6525,32.3,eBay,eBay,,202,,,,,,price_history.csv,,existing price_history.csv rate for date
2025-11-20,Clefairy,皮皮,PSA,8,PSA 8,304,9819,32.3,eBay,eBay,,304,,,,,,price_history.csv,,existing price_history.csv rate for date
2025-11-20,Magneton,三合一磁怪,PSA,8,PSA 8,203,6557,32.3,eBay,eBay,,203,,,,,,price_history.csv,,existing price_history.csv rate for date
2025-11-20,Hitmonchan,快拳郎(艾比郎),PSA,8,PSA 8,174,5620,32.3,eBay,eBay,,174,,,,,,price_history.csv,,existing price_history.csv rate for date
2025-11-20,Poliwrath,蚊香泳士(快泳蛙),PSA,8,PSA 8,203,6557,32.3,eBay,eBay,,203,,,,,,price_history.csv,,existing price_history.csv rate for date
2025-11-16,Pikachu,皮卡丘,PSA,7,PSA 7,49,1583,32.3,Fanatics,Fanatics,,49,,,,,,price_history.csv,,existing price_history.csv rate for date
2025-11-16,Magikarp,鯉魚王,PSA,10,PSA 10,464,14987,32.3,eBay,eBay,,464,,,,,,price_history.csv,,existing price_history.csv rate for date
2025-11-09,Charizard,噴火龍,PSA,8,PSA 8,3360,108528,32.3,Fanatics,Fanatics,3360,3360,"$3,360",Auction,Auction,https://www.fanaticscollect.com/weekly/de75d64e-b430-11f0-aec4-0a58a9feac02,https://www.fanaticscollect.com/weekly/de75d64e-b430-11f0-aec4-0a58a9feac02,combined_graded.xlsx,price_history.csv (2025-11-09),existing price_history.csv rate for date
2025-11-09,Pikachu (Jungle),2000叢林皮卡丘,PSA,9,PSA 9,26.4,853,32.3,Fanatics,Fanatics,,26.4,,,,,,price_history.csv,,existing price_history.csv rate for date
2025-11-09,Pikachu (Jungle),2000叢林皮卡丘,PSA,8,PSA 8,20.4,659,32.3,Fanatics,Fanatics,,20.4,,,,,,price_history.csv,,existing price_history.csv rate for date
2025-11-09,Pikachu (Jungle),2000叢林皮卡丘,PSA,9,PSA 9,36,1163,32.3,Fanatics,Fanatics,,36,,,,,,price_history.csv,,existing price_history.csv rate for date
2025-11-02,Charizard,噴火龍,PSA,8,PSA 8,3240,104652,32.3,Fanatics,Fanatics,3240,3240,"$3,240",Auction,Auction,https://www.fanaticscollect.com/weekly/0a758538-aecc-11f0-ae8e-0a58a9feac02,https://www.fanaticscollect.com/weekly/0a758538-aecc-11f0-ae8e-0a58a9feac02,combined_graded.xlsx,price_history.csv (2025-11-02),existing price_history.csv rate for date
2025-11-02,Pikachu (Jungle),2000叢林皮卡丘,PSA,9,PSA 9,24,775,32.3,Fanatics,Fanatics,,24,,,,,,price_history.csv,,existing price_history.csv rate for date
2025-11-02,Pikachu (Jungle),2000叢林皮卡丘,PSA,9.5,PSA 9.5,32.4,1047,32.3,Fanatics,Fanatics,,32.4,,,,,,price_history.csv,,existing price_history.csv rate for date
2025-10-27,Charizard,噴火龍,PSA,7,PSA 7,2640,85272,32.3,eBay,eBay,,2640,,,,,,price_history.csv,,existing price_history.csv rate for date
2025-10-26,Raichu,雷丘,PSA,8,PSA 8,469,15149,32.3,Fanatics,Fanatics,469,469,$469,Buy Now,,https://www.fanaticscollect.com/fixed/30f838d0-ac2f-11f0-9fd4-0a58a9feac02,https://www.fanaticscollect.com/fixed/30f838d0-ac2f-11f0-9fd4-0a58a9feac02,combined_graded.xlsx,price_history.csv (2025-10-26),existing price_history.csv rate for date
2025-10-26,Charmander,小火龍,PSA,8,PSA 8,40,1292,32.3,Fanatics,Fanatics,,40,,,,,,price_history.csv,,existing price_history.csv rate for date
2025-10-14,Charmander,小火龍,PSA,10,PSA 10,1200,38760,32.3,eBay,eBay,,1200,,,,,,price_history.csv,,existing price_history.csv rate for date
2025-10-12,Zapdos,閃電鳥,PSA,8,PSA 8,295,9529,32.3,eBay,eBay,,295,,,,,,price_history.csv,,existing price_history.csv rate for date
2025-10-08,Mewtwo,超夢,PSA,8,PSA 8,466,15052,32.3,eBay,eBay,,466,,,,,,price_history.csv,,existing price_history.csv rate for date
2025-10-08,Zapdos,閃電鳥,PSA,9,PSA 9,611,19735,32.3,eBay,eBay,,611,,,,,,price_history.csv,,existing price_history.csv rate for date
2025-10-08,Chansey,吉利蛋,PSA,8,PSA 8,314,10142,32.3,eBay,eBay,,314,,,,,,price_history.csv,,existing price_history.csv rate for date
2025-10-08,Alakazam,胡地,PSA,7,PSA 7,224,7235,32.3,eBay,eBay,,224,,,,,,price_history.csv,,existing price_history.csv rate for date
2025-10-08,Gyarados,暴鯉龍,PSA,6,PSA 6,219,7074,32.3,eBay,eBay,,219,,,,,,price_history.csv,,existing price_history.csv rate for date
2025-10-08,Machamp,怪力,PSA,8,PSA 8,241,7784,32.3,eBay,eBay,,241,,,,,,price_history.csv,,existing price_history.csv rate for date
2025-10-08,Ninetales,九尾,PSA,9,PSA 9,549,17733,32.3,eBay,eBay,,549,,,,,,price_history.csv,,existing price_history.csv rate for date
2025-10-08,Clefairy,皮皮,PSA,8,PSA 8,251,8107,32.3,eBay,eBay,,251,,,,,,price_history.csv,,existing price_history.csv rate for date
2025-10-08,Hitmonchan,快拳郎(艾比郎),PSA,8,PSA 8,255,8237,32.3,eBay,eBay,,255,,,,,,price_history.csv,,existing price_history.csv rate for date
2025-10-08,Poliwrath,蚊香泳士(快泳蛙),PSA,8,PSA 8,219,7074,32.3,eBay,eBay,,219,,,,,,price_history.csv,,existing price_history.csv rate for date
2025-10-07,Pikachu,皮卡丘,PSA,9,PSA 9,355,11466,32.3,eBay,eBay,,355,,,,,,price_history.csv,,existing price_history.csv rate for date
2025-10-06,Raichu,雷丘,PSA,8,PSA 8,499,16118,32.3,Fanatics,Fanatics,499,499,$499,Buy Now,,https://www.fanaticscollect.com/fixed/4b3989b8-a4e9-11ef-921f-0a58a9feac02,https://www.fanaticscollect.com/fixed/4b3989b8-a4e9-11ef-921f-0a58a9feac02,combined_graded.xlsx,price_history.csv (2025-10-06),existing price_history.csv rate for date
2025-10-06,Charmander,小火龍,PSA,10,PSA 10,690,22287,32.3,eBay,eBay,,690,,,,,,price_history.csv,,existing price_history.csv rate for date
2025-10-05,Ninetales,九尾,PSA,8,PSA 8,399,12888,32.3,Fanatics,Fanatics,399,399,$399,Buy Now,,https://www.fanaticscollect.com/fixed/4b3fc576-a4e9-11ef-833e-0a2e1c4db687,https://www.fanaticscollect.com/fixed/4b3fc576-a4e9-11ef-833e-0a2e1c4db687,combined_graded.xlsx,price_history.csv (2025-10-05),existing price_history.csv rate for date
2025-10-05,Magneton,三磁怪,PSA,8,PSA 8,399,12888,32.3,Fanatics,Fanatics,399,399,$399,Buy Now,,https://www.fanaticscollect.com/fixed/4b519f08-a4e9-11ef-905e-066fd678f893,https://www.fanaticscollect.com/fixed/4b519f08-a4e9-11ef-905e-066fd678f893,combined_graded.xlsx,price_history.csv (2025-10-05),existing price_history.csv rate for date
2025-10-01,Hitmonchan,快拳郎,PSA,8,PSA 8,265,8560,32.3,Fanatics,Fanatics,265,265,$265,Buy Now,,https://www.fanaticscollect.com/fixed/de93b16c-a4e8-11ef-a726-0a2e1c4db687,https://www.fanaticscollect.com/fixed/de93b16c-a4e8-11ef-a726-0a2e1c4db687,combined_graded.xlsx,price_history.csv (2025-10-01),existing price_history.csv rate for date
2025-09-28,Charizard,噴火龍,BGS,7.5,BGS 7.5,4920,158916,32.3,Fanatics,Fanatics,,4920,,,,,,price_history.csv,,existing price_history.csv rate for date
2025-09-23,Alakazam,胡地,PSA,8,PSA 8,360,11628,32.3,eBay,eBay,,360,,,,,,price_history.csv,,existing price_history.csv rate for date
2025-09-14,Mewtwo,超夢,PSA,9,PSA 9,728,23514,32.3,eBay,eBay,,728,,,,,,price_history.csv,,existing price_history.csv rate for date
2025-09-06,Raichu,雷丘,PSA,8,PSA 8,233,7526,32.3,Fanatics,Fanatics,233,233,$233,Buy Now,,https://www.fanaticscollect.com/fixed/9515f102-8b9d-11f0-b972-0612914d4255,https://www.fanaticscollect.com/fixed/9515f102-8b9d-11f0-b972-0612914d4255,combined_graded.xlsx,price_history.csv (2025-09-06),existing price_history.csv rate for date
2025-09-05,Pikachu,皮卡丘,PSA,9,PSA 9,400,12920,32.3,eBay,eBay,,400,,,,,,price_history.csv,,existing price_history.csv rate for date
2025-09-05,Alakazam,胡地,PSA,8,PSA 8,399,12888,32.3,Fanatics,Fanatics,399,399,$399,Buy Now,,https://www.fanaticscollect.com/fixed/c05777e2-a4e8-11ef-a7a6-0a2e1c4db687,https://www.fanaticscollect.com/fixed/c05777e2-a4e8-11ef-a7a6-0a2e1c4db687,combined_graded.xlsx,price_history.csv (2025-09-05),existing price_history.csv rate for date
2025-09-04,Charizard,噴火龍,PSA,8.5,PSA 8.5,6806,219834,32.3,eBay,eBay,,6806,,,,,,price_history.csv,,existing price_history.csv rate for date
2025-09-04,Blastoise,水箭龜,PSA,8.5,PSA 8.5,1326,42830,32.3,eBay,eBay,,1326,,,,,,price_history.csv,,existing price_history.csv rate for date
2025-09-04,Venusaur,妙蛙花,PSA,9,PSA 9,1225,39568,32.3,eBay,eBay,,1225,,,,,,price_history.csv,,existing price_history.csv rate for date
2025-09-02,Magikarp,鯉魚王,PSA,9,PSA 9,24.5,791,32.3,eBay,eBay,,24.5,,,,,,price_history.csv,,existing price_history.csv rate for date
2025-09-01,Mewtwo,超夢,PSA,7,PSA 7,200,6460,32.3,eBay,eBay,,200,,,,,,price_history.csv,,existing price_history.csv rate for date
2025-08-27,Zapdos,閃電鳥,PSA,8,PSA 8,250,8075,32.3,eBay,eBay,,250,,,,,,price_history.csv,,existing price_history.csv rate for date
2025-08-22,Pikachu,皮卡丘,PSA,10,PSA 10,870,28101,32.3,eBay,eBay,,870,,,,,,price_history.csv,,existing price_history.csv rate for date
2025-08-18,Magikarp,鯉魚王,RAW,RAW,裸卡,51,1647,32.3,eBay,eBay,,51,,,,,,price_history.csv,,existing price_history.csv rate for date
2025-08-18,Magikarp,鯉魚王,RAW,RAW,裸卡,51,1647,32.3,eBay,eBay,,51,,,,,,price_history.csv,,existing price_history.csv rate for date
2025-08-18,Charmeleon,火恐龍,RAW,RAW,RAW,22.5,727,32.3,eBay,eBay,,22.5,$22.50,,,,,user_screenshot,,existing price_history.csv rate for date
2025-08-18,Charmeleon,火恐龍,RAW,RAW,RAW,18.01,582,32.3,eBay,eBay,,18.01,$18.01,,,,,user_screenshot,,existing price_history.csv rate for date
2025-08-18,Charmeleon,火恐龍,RAW,RAW,RAW,15,485,32.3,eBay,eBay,,15,$15.00,,,,,user_screenshot,,existing price_history.csv rate for date
2025-08-04,Blastoise,水箭龜,PSA,8,PSA 8,588,18992,32.3,Fanatics,Fanatics,588,588,$588,Auction,,https://www.fanaticscollect.com/weekly/7f712faa-62f9-11f0-b4f1-0a58a9feac02,https://www.fanaticscollect.com/weekly/7f712faa-62f9-11f0-b4f1-0a58a9feac02,combined_graded.xlsx,price_history.csv (2025-08-04),existing price_history.csv rate for date
2025-07-28,Squirtle,傑尼龜,PSA,10,PSA 10,750,24225,32.3,eBay,eBay,,750,,,,,,price_history.csv,,existing price_history.csv rate for date
2025-07-15,Mewtwo,超夢,PSA,8,PSA 8,300,9690,32.3,Fanatics,Fanatics,300,300,$300,Buy Now,,https://www.fanaticscollect.com/fixed/4b463604-a4e9-11ef-aa0e-066fd678f893,https://www.fanaticscollect.com/fixed/4b463604-a4e9-11ef-aa0e-066fd678f893,combined_graded.xlsx,price_history.csv (2025-07-15),existing price_history.csv rate for date
2025-07-06,Charizard,噴火龍,PSA,7,PSA 7,4644,150001,32.3,社團,社團,,4644,,,,,,price_history.csv,,existing price_history.csv rate for date
2025-07-04,Poliwrath,蚊香泳士(快泳蛙),PSA,8,PSA 8,150,4845,32.3,eBay,eBay,,150,,,,,,price_history.csv,,existing price_history.csv rate for date
2025-06-29,Charizard,噴火龍,BGS,8.5,BGS 8.5,3240,104652,32.3,Fanatics,Fanatics,,3240,,,,,,price_history.csv,,existing price_history.csv rate for date
2025-06-29,Charizard,噴火龍,BGS,8,BGS 8,2190,70737,32.3,Fanatics,Fanatics,,2190,,,,,,price_history.csv,,existing price_history.csv rate for date
2025-06-29,Charizard,噴火龍,PSA,8,PSA 8,3950,127585,32.3,eBay,eBay,,3950,,,,,,price_history.csv,,existing price_history.csv rate for date
2025-06-22,Charizard,噴火龍,BGS,8.5,BGS 8.5,4080,131784,32.3,Fanatics,Fanatics,,4080,,,,,,price_history.csv,,existing price_history.csv rate for date
2025-06-22,Zapdos,閃電鳥,PSA,9,PSA 9,333,10756,32.3,eBay,eBay,,333,,,,,,price_history.csv,,existing price_history.csv rate for date
2025-06-16,Machamp,怪力,PSA,8.5,PSA 8.5,275,8883,32.3,eBay,eBay,,275,,,,,,price_history.csv,,existing price_history.csv rate for date
2025-06-09,Hitmonchan,快拳郎(艾比郎),PSA,8,PSA 8,130,4199,32.3,eBay,eBay,,130,,,,,,price_history.csv,,existing price_history.csv rate for date
2025-06-07,Wartortle,卡咪龜,PSA,10,PSA 10,175.5,5669,32.3,eBay,eBay,,175.5,$175.50 USD,,,,,user_screenshot,,prior available price_history.csv rate (2025-05-25)
2025-05-25,Venusaur,妙蛙花,PSA,9,PSA 9,876,28295,32.3,Fanatics,Fanatics,876,876,$876,Buy Now,,https://www.fanaticscollect.com/fixed/b989a0f6-b0d3-11ef-b89a-0a58a9feac02,https://www.fanaticscollect.com/fixed/b989a0f6-b0d3-11ef-b89a-0a58a9feac02,combined_graded.xlsx,price_history.csv (2025-05-25),existing price_history.csv rate for date
2025-05-18,Charmander,小火龍,PSA,10,PSA 10,690,22287,32.3,Fanatics,Fanatics,690,690,$690,Auction,,https://www.fanaticscollect.com/weekly/2436d5a2-26f6-11f0-947b-0a58a9feac02,https://www.fanaticscollect.com/weekly/2436d5a2-26f6-11f0-947b-0a58a9feac02,combined_graded.xlsx,price_history.csv (2025-05-18),existing price_history.csv rate for date
2025-05-11,Blastoise,水箭龜,PSA,8.5,PSA 8.5,428,13824,32.3,eBay,eBay,,428,,,,,,price_history.csv,,existing price_history.csv rate for date
2025-05-11,Mewtwo,超夢,PSA,9,PSA 9,760,24548,32.3,eBay,eBay,,760,,,,,,price_history.csv,,existing price_history.csv rate for date
2025-05-11,Charmander,小火龍,PSA,10,PSA 10,630,20349,32.3,Fanatics,Fanatics,630,630,$630,Auction,,https://www.fanaticscollect.com/weekly/24374c62-26f6-11f0-9eff-0a58a9feac02,https://www.fanaticscollect.com/weekly/24374c62-26f6-11f0-9eff-0a58a9feac02,combined_graded.xlsx,price_history.csv (2025-05-11),existing price_history.csv rate for date
2025-05-11,Squirtle,傑尼龜,PSA,10,PSA 10,288,9302,32.3,Fanatics,Fanatics,288,288,$288,Auction,,https://www.fanaticscollect.com/weekly/2437d4ca-26f6-11f0-8d31-0a58a9feac02,https://www.fanaticscollect.com/weekly/2437d4ca-26f6-11f0-8d31-0a58a9feac02,combined_graded.xlsx,price_history.csv (2025-05-11),existing price_history.csv rate for date
2025-05-05,Pikachu,皮卡丘,PSA,9,PSA 9,150,4845,32.3,eBay,eBay,,150,,,,,,price_history.csv,,existing price_history.csv rate for date
2025-04-27,Pikachu (Jungle),2000叢林皮卡丘,PSA,9,PSA 9,43.2,1395,32.3,Fanatics,Fanatics,,43.2,,,,,,price_history.csv,,existing price_history.csv rate for date
2025-04-25,Wartortle,卡咪龜,PSA,10,PSA 10,113.48,3688,32.5,eBay,eBay,,113.48,"NT$3,688",,,,,user_screenshot,,prior available price_history.csv rate (2025-04-15)
2026-07-24,Ivysaur,妙蛙草,PSA,8,PSA 8,61,1970,32.3,eBay,eBay,,61,$61.00,,,,,user_screenshot,,existing price_history.csv rate for date
2026-07-23,Ivysaur,妙蛙草,PSA,8,PSA 8,51,1647,32.3,eBay,eBay,,51,$51.00,,,,,user_screenshot,,existing price_history.csv rate for date
2026-06-10,Ivysaur,妙蛙草,RAW,RAW,RAW,67.88,2193,32.3,eBay,eBay,,67.88,$67.88,,,,,user_screenshot,,existing price_history.csv rate for date
2026-02-25,Ivysaur,妙蛙草,PSA,10,PSA 10,399,12888,32.3,eBay,eBay,,399,$399.00,,,,,user_screenshot,,existing price_history.csv rate for date
2026-01-24,Ivysaur,妙蛙草,PSA,9,PSA 9,78,2519,32.3,eBay,eBay,,78,$78.00,,,,,user_screenshot,,existing price_history.csv rate for date
2025-08-29,Ivysaur,妙蛙草,CGC,9,CGC 9,69.99,2261,32.3,eBay,eBay,,69.99,$69.99,,,,,user_screenshot,,existing price_history.csv rate for date
2025-08-19,Ivysaur,妙蛙草,CGC,9,CGC 9,50,1615,32.3,eBay,eBay,,50,$50.00,,,,,user_screenshot,,existing price_history.csv rate for date
2025-08-18,Ivysaur,妙蛙草,RAW,RAW,RAW,45.51,1470,32.3,eBay,eBay,,45.51,$45.51,,,,,user_screenshot,,existing price_history.csv rate for date
2025-08-18,Ivysaur,妙蛙草,RAW,RAW,RAW,41.54,1342,32.3,eBay,eBay,,41.54,$41.54,,,,,user_screenshot,,existing price_history.csv rate for date
2025-08-18,Ivysaur,妙蛙草,RAW,RAW,RAW,23.01,743,32.3,eBay,eBay,,23.01,$23.01,,,,,user_screenshot,,existing price_history.csv rate for date
2025-07-15,Ivysaur,妙蛙草,CGC,9,CGC 9,21.5,694,32.3,eBay,eBay,,21.5,$21.50,,,,,user_screenshot,,existing price_history.csv rate for date
2025-07-01,Ivysaur,妙蛙草,PSA,8,PSA 8,40,1292,32.3,eBay,eBay,,40,$40.00,,,,,user_screenshot,,existing price_history.csv rate for date
2024-08-25,Ivysaur,妙蛙草,PSA,10,PSA 10,100,3230,32.3,eBay,eBay,,100,$100.00,,,,,user_screenshot,,existing price_history.csv rate for date
2024-07-15,Ivysaur,妙蛙草,PSA,10,PSA 10,124.5,4021,32.3,eBay,eBay,,124.5,$124.50,,,,,user_screenshot,,existing price_history.csv rate for date
2024-03-02,Ivysaur,妙蛙草,RAW,RAW,RAW,33,1066,32.3,eBay,eBay,,33,$33.00,,,,,user_screenshot,,existing price_history.csv rate for date
2024-01-06,Ivysaur,妙蛙草,CGC,9,CGC 9,45,1453,32.3,eBay,eBay,,45,$45.00,,,,,user_screenshot,,existing price_history.csv rate for date
2023-10-08,Ivysaur,妙蛙草,CGC,10,CGC 10,180,5814,32.3,eBay,eBay,,180,$180.00,,,,,user_screenshot,,existing price_history.csv rate for date
2025-04-15,Pikachu,皮卡丘,PSA,9,PSA 9,163,5298,32.5,eBay,eBay,,163,,,,,,price_history.csv,,existing price_history.csv rate for date
2025-04-09,Alakazam,胡地,PSA,9,PSA 9,500,16150,32.3,eBay,eBay,,500,,,,,,price_history.csv,,existing price_history.csv rate for date
2025-04-07,Gyarados,暴鯉龍,PSA,8,PSA 8,225,7267,32.3,eBay,eBay,,225,,,,,,price_history.csv,,existing price_history.csv rate for date
2025-04-04,Venusaur,妙蛙花,PSA,8,PSA 8,500,16250,32.5,eBay,eBay,,500,,,,,,price_history.csv,,existing price_history.csv rate for date
2025-04-02,Blastoise,水箭龜,BGS,8,BGS 8,598,19315,32.3,eBay,eBay,,598,,,,,,price_history.csv,,existing price_history.csv rate for date
2025-04-02,Raichu,雷丘,PSA,8,PSA 8,158,5103,32.3,eBay,eBay,,158,,,,,,price_history.csv,,existing price_history.csv rate for date
2025-03-25,Charizard,噴火龍,PSA,8,PSA 8,3480,113100,32.5,eBay,eBay,,3480,,,,,,price_history.csv,,existing price_history.csv rate for date
2025-03-23,Chansey,吉利蛋,PSA,8,PSA 8,123,3973,32.3,eBay,eBay,,123,,,,,,price_history.csv,,existing price_history.csv rate for date
2025-03-19,Pikachu,皮卡丘,PSA,9,PSA 9,275,8938,32.5,eBay,eBay,,275,,,,,,price_history.csv,,existing price_history.csv rate for date
2025-03-16,Charizard,噴火龍,BGS,7.5,BGS 7.5,1875,60562,32.3,eBay,eBay,,1875,,,,,,price_history.csv,,existing price_history.csv rate for date
2025-03-12,Charizard,噴火龍,PSA,9,PSA 9,6000,195000,32.5,eBay,eBay,,6000,,,,,,price_history.csv,,existing price_history.csv rate for date
2025-03-09,Charizard,噴火龍,PSA,8,PSA 8,3110,101075,32.5,eBay,eBay,,3110,,,,,,price_history.csv,,existing price_history.csv rate for date
2025-03-02,Nidoking,尼多王,PSA,9,PSA 9,285,9206,32.3,eBay,eBay,,285,,,,,,price_history.csv,,existing price_history.csv rate for date
2025-02-28,Alakazam,胡地,PSA,10,PSA 10,7100,229330,32.3,eBay,eBay,,7100,,,,,,price_history.csv,,existing price_history.csv rate for date
2025-02-25,Hitmonchan,快拳郎(艾比郎),PSA,8,PSA 8,120,3876,32.3,eBay,eBay,,120,,,,,,price_history.csv,,existing price_history.csv rate for date
2025-02-09,Charizard,噴火龍,PSA,8,PSA 8,2450,79625,32.5,eBay,eBay,,2450,,,,,,price_history.csv,,existing price_history.csv rate for date
2025-01-21,Charmander,小火龍,PSA,9,PSA 9,70,2261,32.3,eBay,eBay,,70,,,,,,price_history.csv,,existing price_history.csv rate for date
2025-01-03,Charmander,小火龍,PSA,6,PSA 6,25,807,32.3,eBay,eBay,,25,,,,,,price_history.csv,,existing price_history.csv rate for date
2025-01-01,Mewtwo,超夢,PSA,8,PSA 8,462,15015,32.5,蝦皮,蝦皮,,462,,,,,,price_history.csv,,existing price_history.csv rate for date
2024-12-29,Pikachu,皮卡丘,PSA,9,PSA 9,104,3359,32.3,eBay,eBay,,104,,,,,,price_history.csv,,existing price_history.csv rate for date
2024-12-22,Charizard,噴火龍,BGS,9,BGS 9,3720,120156,32.3,Fanatics,Fanatics,,3720,,,,,,price_history.csv,,existing price_history.csv rate for date
2024-12-11,Pikachu,皮卡丘,PSA,6,PSA 6,35,1131,32.3,eBay,eBay,,35,,,,,,price_history.csv,,existing price_history.csv rate for date
2024-12-04,Magikarp,鯉魚王,PSA,8,PSA 8,36.66,1184,32.3,eBay,eBay,,36.66,,,,,,price_history.csv,,existing price_history.csv rate for date
2024-11-29,Bulbasaur,妙蛙種子,PSA,9,PSA 9,60,1938,32.3,eBay,eBay,,60,,,,,,price_history.csv,,existing price_history.csv rate for date
2024-11-25,Ninetales,九尾,PSA,8,PSA 8,161,5200,32.3,eBay,eBay,,161,,,,,,price_history.csv,,existing price_history.csv rate for date
2024-11-24,Alakazam,胡地,PSA,8,PSA 8,158,5103,32.3,eBay,eBay,,158,,,,,,price_history.csv,,existing price_history.csv rate for date
2024-11-10,Venusaur,妙蛙花,PSA,9,PSA 9,516,16667,32.3,Fanatics,Fanatics,516,516,$516,Auction,,https://www.fanaticscollect.com/weekly/5c67dca2-9af9-11ef-87f7-0a95b44cb5f1,https://www.fanaticscollect.com/weekly/5c67dca2-9af9-11ef-87f7-0a95b44cb5f1,combined_graded.xlsx,price_history.csv (2024-11-10),existing price_history.csv rate for date
2024-11-03,Blastoise,水箭龜,BGS,8,BGS 8,336,10853,32.3,Fanatics,Fanatics,,336,,,,,,price_history.csv,,existing price_history.csv rate for date
2024-11-03,Venusaur,妙蛙花,PSA,9,PSA 9,528,17054,32.3,Fanatics,Fanatics,528,528,$528,Auction,,https://www.fanaticscollect.com/weekly/e3fc4522-8f41-11ef-aa50-0a58a9feac02,https://www.fanaticscollect.com/weekly/e3fc4522-8f41-11ef-aa50-0a58a9feac02,combined_graded.xlsx,price_history.csv (2024-11-03),existing price_history.csv rate for date
2024-10-13,Pikachu (Jungle),2000叢林皮卡丘,PSA,9,PSA 9,17,544,32,Fanatics,Fanatics,,17,,,,,,price_history.csv,,existing price_history.csv rate for date
2024-09-30,Alakazam,胡地,PSA,8,PSA 8,150,4845,32.3,eBay,eBay,,150,,,,,,price_history.csv,,existing price_history.csv rate for date
2024-09-08,Gengar,2006 傳說締造者 耿鬼,BGS,9,BGS 9,37.2,1190,32,Fanatics,Fanatics,,37.2,,,,,,price_history.csv,,existing price_history.csv rate for date
2024-09-02,Gyarados,暴鯉龍,PSA,8,PSA 8,165,5329,32.3,eBay,eBay,,165,,,,,,price_history.csv,,existing price_history.csv rate for date
2024-09-01,Magneton,三合一磁怪,BGS,8,BGS 8,77,2464,32,Fanatics,Fanatics,,77,,,,,,price_history.csv,,existing price_history.csv rate for date
2024-09-01,Poliwrath,蚊香泳士(快泳蛙),PSA,8,PSA 8,74,2368,32,eBay,eBay,,74,,,,,,price_history.csv,,existing price_history.csv rate for date
2024-08-25,Pikachu,皮卡丘,PSA,10,PSA 10,441,14244,32.3,eBay,eBay,,441,,,,,,price_history.csv,,existing price_history.csv rate for date
2024-08-24,Charizard,噴火龍,PSA,9,PSA 9,3950,127585,32.3,eBay,eBay,,3950,,,,,,price_history.csv,,existing price_history.csv rate for date
2024-08-22,Pikachu,皮卡丘,PSA,9,PSA 9,91,2939,32.3,eBay,eBay,,91,,,,,,price_history.csv,,existing price_history.csv rate for date
2024-08-07,Magneton,三合一磁怪,PSA,9,PSA 9,306,9884,32.3,eBay,eBay,,306,,,,,,price_history.csv,,existing price_history.csv rate for date
2024-07-29,Gyarados,暴鯉龍,PSA,9,PSA 9,253,8172,32.3,eBay,eBay,,253,,,,,,price_history.csv,,existing price_history.csv rate for date
2024-07-21,Charizard,噴火龍,PSA,9,PSA MINT 9,6954,226005,32.5,Goldin,Goldin,6954,6954,"$6,954.00 USD",Auction,Auction,https://goldin.co/item/2000-pokemon-chinese-1st-edition-holo-4-charizard-psa-mint-951jiw,https://goldin.co/item/2000-pokemon-chinese-1st-edition-holo-4-charizard-psa-mint-951jiw,combined_graded.xlsx,price_history.csv (2024-07-21),existing price_history.csv rate for date
2024-07-21,Blastoise,水箭龜,PSA,9,PSA 9,1515,49238,32.5,Goldin,Goldin,,1515,,,,,,price_history.csv,,existing price_history.csv rate for date
2024-07-21,Pikachu,皮卡丘,PSA,9,PSA 9,109,3543,32.5,eBay,eBay,,109,,,,,,price_history.csv,,existing price_history.csv rate for date
2024-07-16,Charmander,小火龍,PSA,9,PSA 9,40,1292,32.3,eBay,eBay,,40,,,,,,price_history.csv,,existing price_history.csv rate for date
2024-07-09,Charizard,噴火龍,PSA,8,PSA 8,2378,77285,32.5,eBay,eBay,,2378,,,,,,price_history.csv,,existing price_history.csv rate for date
2024-07-08,Blastoise,水箭龜,PSA,8,PSA 8,450,14535,32.3,eBay,eBay,,450,,,,,,price_history.csv,,existing price_history.csv rate for date
2024-07-08,Venusaur,妙蛙花,PSA,9,PSA 9,760,24548,32.3,eBay,eBay,,760,,,,,,price_history.csv,,existing price_history.csv rate for date
2024-07-08,Mewtwo,超夢,PSA,9,PSA 9,475,15342,32.3,eBay,eBay,,475,,,,,,price_history.csv,,existing price_history.csv rate for date
2024-07-08,Zapdos,閃電鳥,PSA,8,PSA 8,131,4231,32.3,eBay,eBay,,131,,,,,,price_history.csv,,existing price_history.csv rate for date
2024-07-08,Chansey,吉利蛋,PSA,8,PSA 8,119,3844,32.3,eBay,eBay,,119,,,,,,price_history.csv,,existing price_history.csv rate for date
2024-07-08,Gyarados,暴鯉龍,PSA,8,PSA 8,165,5329,32.3,eBay,eBay,,165,,,,,,price_history.csv,,existing price_history.csv rate for date
2024-07-08,Nidoking,尼多王,PSA,8,PSA 8,120,3876,32.3,eBay,eBay,,120,,,,,,price_history.csv,,existing price_history.csv rate for date
2024-07-08,Machamp,怪力,PSA,6,PSA 6,36,1163,32.3,eBay,eBay,,36,,,,,,price_history.csv,,existing price_history.csv rate for date
2024-07-08,Ninetales,九尾,PSA,9,PSA 9,173,5588,32.3,eBay,eBay,,173,,,,,,price_history.csv,,existing price_history.csv rate for date
2024-07-08,Raichu,雷丘,PSA,8,PSA 8,133,4296,32.3,eBay,eBay,,133,,,,,,price_history.csv,,existing price_history.csv rate for date
2024-07-08,Clefairy,皮皮,PSA,9,PSA 9,164,5297,32.3,eBay,eBay,,164,,,,,,price_history.csv,,existing price_history.csv rate for date
2024-07-08,Magneton,三合一磁怪,PSA,8,PSA 8,81,2616,32.3,eBay,eBay,,81,,,,,,price_history.csv,,existing price_history.csv rate for date
2024-07-08,Hitmonchan,快拳郎(艾比郎),PSA,8,PSA 8,121,3908,32.3,eBay,eBay,,121,,,,,,price_history.csv,,existing price_history.csv rate for date
2024-07-08,Poliwrath,蚊香泳士(快泳蛙),PSA,8,PSA 8,83,2681,32.3,eBay,eBay,,83,,,,,,price_history.csv,,existing price_history.csv rate for date
2024-07-07,Alakazam,胡地,PSA,8,PSA 8,153,4942,32.3,eBay,eBay,,153,,,,,,price_history.csv,,existing price_history.csv rate for date
2024-07-06,Pikachu,皮卡丘,PSA,10,PSA 10,449,14593,32.5,eBay,eBay,,449,,,,,,price_history.csv,,existing price_history.csv rate for date
2024-06-26,Charizard,噴火龍,PSA,7,PSA 7,2200,71060,32.3,eBay,eBay,,2200,,,,,,price_history.csv,,existing price_history.csv rate for date
2024-06-23,Pikachu,皮卡丘,PSA,8,PSA 8,49,1583,32.3,Fanatics,Fanatics,,49,,,,,,price_history.csv,,existing price_history.csv rate for date
2024-06-23,Ninetales,九尾,PSA,8,PSA 8,120,3876,32.3,eBay,eBay,,120,,,,,,price_history.csv,,existing price_history.csv rate for date
2024-06-20,Charizard,噴火龍,PSA,7,PSA 7,2300,74290,32.3,eBay,eBay,,2300,,,,,,price_history.csv,,existing price_history.csv rate for date
2024-06-15,Pikachu,皮卡丘,PSA,8,PSA 8,140,4522,32.3,eBay,eBay,,140,,,,,,price_history.csv,,existing price_history.csv rate for date
2024-06-12,Charizard,噴火龍,PSA,9,PSA 9,6105,197191,32.3,eBay,eBay,,6105,,,,,,price_history.csv,,existing price_history.csv rate for date
2024-06-11,Zapdos,閃電鳥,PSA,9,PSA 9,313,10110,32.3,eBay,eBay,,313,,,,,,price_history.csv,,existing price_history.csv rate for date
2024-06-11,Raichu,雷丘,PSA,9,PSA 9,405,13081,32.3,eBay,eBay,,405,,,,,,price_history.csv,,existing price_history.csv rate for date
2024-05-26,Blastoise,水箭龜,PSA,8,PSA 8,590,19057,32.3,eBay,eBay,,590,,,,,,price_history.csv,,existing price_history.csv rate for date
2024-05-19,Bulbasaur,妙蛙種子,PSA,9,PSA 9,44,1421,32.3,Fanatics,Fanatics,,44,,,,,,price_history.csv,,existing price_history.csv rate for date
2024-05-13,Mewtwo,超夢,PSA,8,PSA 8,188,6072,32.3,eBay,eBay,,188,,,,,,price_history.csv,,existing price_history.csv rate for date
2024-05-05,Pikachu (Jungle),2000叢林皮卡丘,PSA,9,PSA 9,9.6,307,32,Fanatics,Fanatics,,9.6,,,,,,price_history.csv,,existing price_history.csv rate for date
2024-04-21,Charizard,噴火龍,PSA,8,PSA 8,2190,70737,32.3,Fanatics,Fanatics,2190,2190,"$2,190",Auction,Auction,https://www.fanaticscollect.com/weekly/f8777b96-ecff-11ee-b647-0646c7118d15,https://www.fanaticscollect.com/weekly/f8777b96-ecff-11ee-b647-0646c7118d15,combined_graded.xlsx,price_history.csv (2024-04-21),existing price_history.csv rate for date
2024-04-21,Blastoise,水箭龜,PSA,9,PSA 9,870,28101,32.3,Fanatics,Fanatics,870,870,$870,Auction,,https://www.fanaticscollect.com/weekly/f850c186-ecff-11ee-a319-0646c7118d15,https://www.fanaticscollect.com/weekly/f850c186-ecff-11ee-a319-0646c7118d15,combined_graded.xlsx,price_history.csv (2024-04-21),existing price_history.csv rate for date
2024-04-21,Venusaur,妙蛙花,PSA,9,PSA 9,660,21318,32.3,Fanatics,Fanatics,660,660,$660,Auction,,https://www.fanaticscollect.com/weekly/f83e6900-ecff-11ee-beee-0646c7118d15,https://www.fanaticscollect.com/weekly/f83e6900-ecff-11ee-beee-0646c7118d15,combined_graded.xlsx,price_history.csv (2024-04-21),existing price_history.csv rate for date
2024-04-21,Mewtwo,超夢,PSA,9,PSA 9,576,18605,32.3,PWCC,PWCC,,576,,,,,,price_history.csv,,existing price_history.csv rate for date
2024-04-21,Zapdos,閃電鳥,PSA,9,PSA 9,252,8140,32.3,Fanatics,Fanatics,252,252,$252,Auction,,https://www.fanaticscollect.com/weekly/f83e0b90-ecff-11ee-bd6f-0646c7118d15,https://www.fanaticscollect.com/weekly/f83e0b90-ecff-11ee-bd6f-0646c7118d15,combined_graded.xlsx,price_history.csv (2024-04-21),existing price_history.csv rate for date
2024-04-21,Chansey,吉利蛋,PSA,9,PSA 9,504,16279,32.3,Fanatics,Fanatics,504,504,$504,Auction,,https://www.fanaticscollect.com/weekly/f8506722-ecff-11ee-b767-0646c7118d15,https://www.fanaticscollect.com/weekly/f8506722-ecff-11ee-b767-0646c7118d15,combined_graded.xlsx,price_history.csv (2024-04-21),existing price_history.csv rate for date
2024-04-21,Alakazam,胡地,PSA,9,PSA 9,540,17442,32.3,Fanatics,Fanatics,540,540,$540,Auction,,https://www.fanaticscollect.com/weekly/f84a9cd4-ecff-11ee-9c7a-0646c7118d15,https://www.fanaticscollect.com/weekly/f84a9cd4-ecff-11ee-9c7a-0646c7118d15,combined_graded.xlsx,price_history.csv (2024-04-21),existing price_history.csv rate for date
2024-04-21,Gyarados,暴鯉龍,PSA,9,PSA 9,492,15892,32.3,Fanatics,Fanatics,492,492,$492,Auction,,https://www.fanaticscollect.com/weekly/f83dad94-ecff-11ee-8da3-0646c7118d15,https://www.fanaticscollect.com/weekly/f83dad94-ecff-11ee-8da3-0646c7118d15,combined_graded.xlsx,price_history.csv (2024-04-21),existing price_history.csv rate for date
2024-04-21,Nidoking,尼多王,PSA,9,PSA 9,222,7171,32.3,Fanatics,Fanatics,222,222,$222,Auction,,https://www.fanaticscollect.com/weekly/f83fe726-ecff-11ee-ac95-0646c7118d15,https://www.fanaticscollect.com/weekly/f83fe726-ecff-11ee-ac95-0646c7118d15,combined_graded.xlsx,price_history.csv (2024-04-21),existing price_history.csv rate for date
2024-04-21,Machamp,怪力,PSA,9,PSA 9,276,8915,32.3,Fanatics,Fanatics,276,276,$276,Auction,,https://www.fanaticscollect.com/weekly/f83c76e0-ecff-11ee-8d59-0646c7118d15,https://www.fanaticscollect.com/weekly/f83c76e0-ecff-11ee-8d59-0646c7118d15,combined_graded.xlsx,price_history.csv (2024-04-21),existing price_history.csv rate for date
2024-04-21,Ninetales,九尾,PSA,8,PSA 8,113,3650,32.3,Fanatics,Fanatics,,113,,,,,,price_history.csv,,existing price_history.csv rate for date
2024-04-21,Raichu,雷丘,PSA,9,PSA 9,300,9690,32.3,Fanatics,Fanatics,300,300,$300,Auction,,https://www.fanaticscollect.com/weekly/f83ece36-ecff-11ee-82b5-0646c7118d15,https://www.fanaticscollect.com/weekly/f83ece36-ecff-11ee-82b5-0646c7118d15,combined_graded.xlsx,price_history.csv (2024-04-21),existing price_history.csv rate for date
2024-04-21,Clefairy,皮皮,PSA,8,PSA 8,110,3553,32.3,Fanatics,Fanatics,,110,,,,,,price_history.csv,,existing price_history.csv rate for date
2024-04-21,Magneton,三合一磁怪,PSA,8,PSA 8,62,2003,32.3,Fanatics,Fanatics,,62,,,,,,price_history.csv,,existing price_history.csv rate for date
2024-04-21,Hitmonchan,快拳郎,PSA,9,PSA 9,234,7558,32.3,Fanatics,Fanatics,234,234,$234,Auction,,https://www.fanaticscollect.com/weekly/f83d4994-ecff-11ee-a449-0646c7118d15,https://www.fanaticscollect.com/weekly/f83d4994-ecff-11ee-a449-0646c7118d15,combined_graded.xlsx,price_history.csv (2024-04-21),existing price_history.csv rate for date
2024-04-21,Poliwrath,蚊香士,PSA,9,PSA 9,198,6395,32.3,Fanatics,Fanatics,198,198,$198,Auction,,https://www.fanaticscollect.com/weekly/f83f2de0-ecff-11ee-a409-0646c7118d15,https://www.fanaticscollect.com/weekly/f83f2de0-ecff-11ee-a409-0646c7118d15,combined_graded.xlsx,price_history.csv (2024-04-21),existing price_history.csv rate for date
2024-04-20,Alakazam,胡地,PSA,9,PSA 9,300,9690,32.3,eBay,eBay,,300,,,,,,price_history.csv,,existing price_history.csv rate for date
2024-04-14,Magikarp,鯉魚王,PSA,8,PSA 8,25.25,816,32.3,eBay,eBay,,25.25,,,,,,price_history.csv,,existing price_history.csv rate for date
2024-04-01,Poliwrath,蚊香泳士(快泳蛙),PSA,8,PSA 8,195,6298,32.3,eBay,eBay,,195,,,,,,price_history.csv,,existing price_history.csv rate for date
2024-03-10,Venusaur,妙蛙花,BGS,7.5,BGS 7.5,144,4536,31.5,Fanatics,Fanatics,,144,,,,,,price_history.csv,,existing price_history.csv rate for date
2024-03-02,Nidoking,尼多王,PSA,7,PSA 7,76,2455,32.3,eBay,eBay,,76,,,,,,price_history.csv,,existing price_history.csv rate for date
2024-02-27,Machamp,怪力,PSA,8,PSA 8,120,3876,32.3,eBay,eBay,,120,,,,,,price_history.csv,,existing price_history.csv rate for date
2024-02-25,Clefairy,皮皮,BGS,9,BGS 9,110,3465,31.5,Fanatics,Fanatics,,110,,,,,,price_history.csv,,existing price_history.csv rate for date
2024-02-25,Pikachu (Jungle),2000叢林皮卡丘,PSA,10,PSA 10,64.8,2041,31.5,Fanatics,Fanatics,,64.8,,,,,,price_history.csv,,existing price_history.csv rate for date
2024-02-24,Magneton,三合一磁怪,PSA,7,PSA 7,31,1001,32.3,eBay,eBay,,31,,,,,,price_history.csv,,existing price_history.csv rate for date
2024-02-06,Machamp,怪力,PSA,8,PSA 8,139,4490,32.3,eBay,eBay,,139,,,,,,price_history.csv,,existing price_history.csv rate for date
2024-02-06,Ninetales,九尾,PSA,8,PSA 8,137,4425,32.3,eBay,eBay,,137,,,,,,price_history.csv,,existing price_history.csv rate for date
2024-02-06,Raichu,雷丘,PSA,8,PSA 8,168,5426,32.3,eBay,eBay,,168,,,,,,price_history.csv,,existing price_history.csv rate for date
2024-02-06,Clefairy,皮皮,PSA,7,PSA 7,72,2326,32.3,eBay,eBay,,72,,,,,,price_history.csv,,existing price_history.csv rate for date
2024-01-28,Raichu,雷丘,BGS,8.5,BGS 8.5,162,5103,31.5,Fanatics,Fanatics,,162,,,,,,price_history.csv,,existing price_history.csv rate for date
2024-01-17,Pikachu,皮卡丘,PSA,9,PSA 9,150,4800,32,eBay,eBay,,150,,,,,,price_history.csv,,existing price_history.csv rate for date
2024-01-14,Charmander,小火龍,PSA,8,PSA 8,28,904,32.3,Fanatics,Fanatics,,28,,,,,,price_history.csv,,existing price_history.csv rate for date
2024-01-14,Squirtle,傑尼龜,PSA,9,PSA 9,56,1809,32.3,Fanatics,Fanatics,,56,,,,,,price_history.csv,,existing price_history.csv rate for date
2024-01-07,Poliwrath,蚊香泳士(快泳蛙),BGS,8.5,BGS 8.5,106,3339,31.5,Fanatics,Fanatics,,106,,,,,,price_history.csv,,existing price_history.csv rate for date
2023-12-26,Ninetales,九尾,PSA,8,PSA 8,250,7875,31.5,eBay,eBay,,250,,,,,,price_history.csv,,existing price_history.csv rate for date
2023-12-10,Magneton,三合一磁怪,BGS,8,BGS 8,59,1859,31.5,Fanatics,Fanatics,,59,,,,,,price_history.csv,,existing price_history.csv rate for date
2023-12-10,Gengar,2006 傳說締造者 耿鬼,PSA,10,PSA 10,198,6237,31.5,Fanatics,Fanatics,,198,,,,,,price_history.csv,,existing price_history.csv rate for date
2023-11-23,Charmander,小火龍,PSA,10,PSA 10,600,18900,31.5,Fanatics,Fanatics,600,600,$600,Buy Now,,https://www.fanaticscollect.com/fixed/92d76bba-83e2-11ee-a698-02b711e6ff19,https://www.fanaticscollect.com/fixed/92d76bba-83e2-11ee-a698-02b711e6ff19,combined_graded.xlsx,price_history.csv (2023-11-23),existing price_history.csv rate for date
2023-11-19,Charizard,噴火龍,PSA,8,PSA 8,1680,52920,31.5,Fanatics,Fanatics,1680,1680,"$1,680",Auction,Auction,https://www.fanaticscollect.com/weekly/0761ad12-7ced-11ee-aeaf-0a58a9feac02,https://www.fanaticscollect.com/weekly/0761ad12-7ced-11ee-aeaf-0a58a9feac02,combined_graded.xlsx,price_history.csv (2023-11-19),existing price_history.csv rate for date
2023-11-19,Mew,2006 傳說締造者 夢幻,BGS,9.5,BGS 9.5,76.8,2419,31.5,Fanatics,Fanatics,,76.8,,,,,,price_history.csv,,existing price_history.csv rate for date
2023-11-15,Blastoise,水箭龜,PSA,8,PSA 8,433,13640,31.5,eBay,eBay,,433,,,,,,price_history.csv,,existing price_history.csv rate for date
2023-11-15,Venusaur,妙蛙花,PSA,8,PSA 8,600,18900,31.5,eBay,eBay,,600,,,,,,price_history.csv,,existing price_history.csv rate for date
2023-11-06,Bulbasaur,妙蛙種子,PSA,9,PSA 9,20,630,31.5,eBay,eBay,,20,,,,,,price_history.csv,,existing price_history.csv rate for date
2023-11-05,Mew,2006 傳說締造者 夢幻,BGS,9.5,BGS 9.5,69.6,2192,31.5,Fanatics,Fanatics,,69.6,,,,,,price_history.csv,,existing price_history.csv rate for date
2023-10-30,Poliwrath,蚊香泳士(快泳蛙),PSA,8,PSA 8,119,3749,31.5,eBay,eBay,,119,,,,,,price_history.csv,,existing price_history.csv rate for date
2023-10-29,Zapdos,閃電鳥,PSA,8,PSA 8,158,4977,31.5,eBay,eBay,,158,,,,,,price_history.csv,,existing price_history.csv rate for date
2023-10-29,Nidoking,尼多王,PSA,8,PSA 8,180,5670,31.5,eBay,eBay,,180,,,,,,price_history.csv,,existing price_history.csv rate for date
2023-10-29,Machamp,怪力,PSA,8,PSA 8,205,6458,31.5,eBay,eBay,,205,,,,,,price_history.csv,,existing price_history.csv rate for date
2023-10-29,Ninetales,九尾,PSA,8,PSA 8,180,5670,31.5,eBay,eBay,,180,,,,,,price_history.csv,,existing price_history.csv rate for date
2023-10-29,Raichu,雷丘,PSA,8,PSA 8,193,6080,31.5,eBay,eBay,,193,,,,,,price_history.csv,,existing price_history.csv rate for date
2023-10-29,Poliwrath,蚊香泳士(快泳蛙),PSA,8,PSA 8,114,3591,31.5,eBay,eBay,,114,,,,,,price_history.csv,,existing price_history.csv rate for date
2023-10-29,Pikachu (Jungle),2000叢林皮卡丘,PSA,10,PSA 10,27.6,869,31.5,Fanatics,Fanatics,,27.6,,,,,,price_history.csv,,existing price_history.csv rate for date
2023-10-22,Charmander,小火龍,PSA,9,PSA 9,55,1733,31.5,eBay,eBay,,55,,,,,,price_history.csv,,existing price_history.csv rate for date
2023-10-22,Squirtle,傑尼龜,PSA,9,PSA 9,55,1733,31.5,eBay,eBay,,55,,,,,,price_history.csv,,existing price_history.csv rate for date
2023-10-22,Pikachu (Jungle),2000叢林皮卡丘,PSA,9,PSA 9,24,756,31.5,Fanatics,Fanatics,,24,,,,,,price_history.csv,,existing price_history.csv rate for date
2023-10-21,Charizard,噴火龍,PSA,9,PSA 9,3250,103350,31.8,Heritage,Heritage,,3250,,,,,,price_history.csv,,existing price_history.csv rate for date
2023-10-15,Chansey,吉利蛋,PSA,7,PSA 7,105,3308,31.5,eBay,eBay,,105,,,,,,price_history.csv,,existing price_history.csv rate for date
2023-10-15,Gyarados,暴鯉龍,PSA,8,PSA 8,156,4914,31.5,eBay,eBay,,156,,,,,,price_history.csv,,existing price_history.csv rate for date
2023-10-15,Poliwrath,蚊香泳士(快泳蛙),PSA,7,PSA 7,79,2489,31.5,eBay,eBay,,79,,,,,,price_history.csv,,existing price_history.csv rate for date
2023-09-17,Mew,2006 傳說締造者 夢幻,PSA,8,PSA 8,32.4,1021,31.5,Fanatics,Fanatics,,32.4,,,,,,price_history.csv,,existing price_history.csv rate for date
2023-09-17,Mew EX,2006 傳說締造者 夢幻EX,BGS,9,BGS 9,60,1890,31.5,Fanatics,Fanatics,,60,,,,,,price_history.csv,,existing price_history.csv rate for date
2023-09-04,Magikarp,鯉魚王,PSA,9,PSA 9,42,1323,31.5,eBay,eBay,,42,,,,,,price_history.csv,,existing price_history.csv rate for date
2023-09-03,Pikachu,皮卡丘,PSA,9,PSA 9,90,2835,31.5,eBay,eBay,,90,,,,,,price_history.csv,,existing price_history.csv rate for date
2023-08-20,Gengar,2006 傳說締造者 耿鬼,PSA,9,PSA 9,43.2,1361,31.5,Fanatics,Fanatics,,43.2,,,,,,price_history.csv,,existing price_history.csv rate for date
2023-08-13,Blastoise,水箭龜,PSA,9,PSA 9,1200,37800,31.5,Fanatics,Fanatics,1200,1200,"$1,200",Auction,Auction,https://www.fanaticscollect.com/weekly/29a68a54-3068-11ee-aa0b-0a0499cdfef5,https://www.fanaticscollect.com/weekly/29a68a54-3068-11ee-aa0b-0a0499cdfef5,combined_graded.xlsx,price_history.csv (2023-08-13),existing price_history.csv rate for date
2023-08-13,Zapdos,閃電鳥,PSA,8,PSA 8,174,5481,31.5,Fanatics,Fanatics,174,174,$174,Auction,,https://www.fanaticscollect.com/weekly/6e2bc5fa-22cf-11ee-b90b-02960c628fc7,https://www.fanaticscollect.com/weekly/6e2bc5fa-22cf-11ee-b90b-02960c628fc7,combined_graded.xlsx,price_history.csv (2023-08-13),existing price_history.csv rate for date
2023-08-13,Chansey,吉利蛋,PSA,8,PSA 8,198,6237,31.5,Fanatics,Fanatics,198,198,$198,Auction,,https://www.fanaticscollect.com/weekly/2b9ffb38-3068-11ee-9976-0a0499cdfef5,https://www.fanaticscollect.com/weekly/2b9ffb38-3068-11ee-9976-0a0499cdfef5,combined_graded.xlsx,price_history.csv (2023-08-13),existing price_history.csv rate for date
2023-08-13,Alakazam,胡地,PSA,8,PSA 8,240,7560,31.5,Fanatics,Fanatics,240,240,$240,Auction,,https://www.fanaticscollect.com/weekly/2af9d49c-3068-11ee-bcc3-0a0499cdfef5,https://www.fanaticscollect.com/weekly/2af9d49c-3068-11ee-bcc3-0a0499cdfef5,combined_graded.xlsx,price_history.csv (2023-08-13),existing price_history.csv rate for date
2023-08-13,Magneton,三合一磁怪,PSA,8,PSA 8,113,3560,31.5,Fanatics,Fanatics,,113,,,,,,price_history.csv,,existing price_history.csv rate for date
2023-08-13,Poliwrath,蚊香士,PSA,9,PSA 9,288,9072,31.5,Fanatics,Fanatics,288,288,$288,Auction,,https://www.fanaticscollect.com/weekly/82dfd6ae-2571-11ee-85ab-0a58a9feac02,https://www.fanaticscollect.com/weekly/82dfd6ae-2571-11ee-85ab-0a58a9feac02,combined_graded.xlsx,price_history.csv (2023-08-13),existing price_history.csv rate for date
2023-08-13,Poliwrath,蚊香士,PSA,9,PSA 9,300,9450,31.5,Fanatics,Fanatics,300,300,$300,Auction,,https://www.fanaticscollect.com/weekly/29045798-3068-11ee-8a23-0a0499cdfef5,https://www.fanaticscollect.com/weekly/29045798-3068-11ee-8a23-0a0499cdfef5,combined_graded.xlsx,price_history.csv (2023-08-13),existing price_history.csv rate for date
2023-08-13,Mew,2006 傳說締造者 夢幻,PSA,8,PSA 8,31.2,983,31.5,Fanatics,Fanatics,,31.2,,,,,,price_history.csv,,existing price_history.csv rate for date
2023-08-06,Blastoise,水箭龜,PSA,8,PSA 8,540,17010,31.5,Fanatics,Fanatics,540,540,$540,Auction,,https://www.fanaticscollect.com/weekly/6e2f6552-22cf-11ee-b379-02960c628fc7,https://www.fanaticscollect.com/weekly/6e2f6552-22cf-11ee-b379-02960c628fc7,combined_graded.xlsx,price_history.csv (2023-08-06),existing price_history.csv rate for date
2023-08-06,Pikachu,皮卡丘,PSA,9,PSA 9,150,4725,31.5,eBay,eBay,,150,,,,,,price_history.csv,,existing price_history.csv rate for date
2023-08-06,Zapdos,閃電鳥,PSA,8,PSA 8,162,5103,31.5,Fanatics,Fanatics,162,162,$162,Auction,,https://www.fanaticscollect.com/weekly/6e29f838-22cf-11ee-8a97-02960c628fc7,https://www.fanaticscollect.com/weekly/6e29f838-22cf-11ee-8a97-02960c628fc7,combined_graded.xlsx,price_history.csv (2023-08-06),existing price_history.csv rate for date
2023-08-06,Chansey,吉利蛋,PSA,8,PSA 8,180,5670,31.5,Fanatics,Fanatics,180,180,$180,Auction,,https://www.fanaticscollect.com/weekly/6e28148c-22cf-11ee-b4cb-02960c628fc7,https://www.fanaticscollect.com/weekly/6e28148c-22cf-11ee-b4cb-02960c628fc7,combined_graded.xlsx,price_history.csv (2023-08-06),existing price_history.csv rate for date
2023-08-06,Alakazam,胡地,PSA,8,PSA 8,216,6804,31.5,Fanatics,Fanatics,216,216,$216,Auction,,https://www.fanaticscollect.com/weekly/6e332700-22cf-11ee-b7e2-02960c628fc7,https://www.fanaticscollect.com/weekly/6e332700-22cf-11ee-b7e2-02960c628fc7,combined_graded.xlsx,price_history.csv (2023-08-06),existing price_history.csv rate for date
2023-08-06,Nidoking,尼多王,PSA,8.5,PSA 8.5,168,5292,31.5,Fanatics,Fanatics,168,168,$168,Auction,,https://www.fanaticscollect.com/weekly/6e389d66-22cf-11ee-bf1b-02960c628fc7,https://www.fanaticscollect.com/weekly/6e389d66-22cf-11ee-bf1b-02960c628fc7,combined_graded.xlsx,price_history.csv (2023-08-06),existing price_history.csv rate for date
2023-08-06,Raichu,雷丘,PSA,8,PSA 8,162,5103,31.5,Fanatics,Fanatics,162,162,$162,Auction,,https://www.fanaticscollect.com/weekly/6e34fba2-22cf-11ee-8d72-02960c628fc7,https://www.fanaticscollect.com/weekly/6e34fba2-22cf-11ee-8d72-02960c628fc7,combined_graded.xlsx,price_history.csv (2023-08-06),existing price_history.csv rate for date
2023-08-06,Magneton,三合一磁怪,PSA,8,PSA 8,103,3245,31.5,Fanatics,Fanatics,,103,,,,,,price_history.csv,,existing price_history.csv rate for date
2023-08-06,Hitmonchan,快拳郎,PSA,8,PSA 8,150,4725,31.5,Fanatics,Fanatics,150,150,$150,Auction,,https://www.fanaticscollect.com/weekly/6e2d98d0-22cf-11ee-be1e-02960c628fc7,https://www.fanaticscollect.com/weekly/6e2d98d0-22cf-11ee-be1e-02960c628fc7,combined_graded.xlsx,price_history.csv (2023-08-06),existing price_history.csv rate for date
2023-08-06,Poliwrath,蚊香泳士(快泳蛙),PSA,8,PSA 8,103,3245,31.5,Fanatics,Fanatics,,103,,,,,,price_history.csv,,existing price_history.csv rate for date
2023-08-06,Gengar,2006 傳說締造者 耿鬼,PSA,8,PSA 8,44.4,1399,31.5,Fanatics,Fanatics,,44.4,,,,,,price_history.csv,,existing price_history.csv rate for date
2023-08-06,Mew,2006 傳說締造者 夢幻,PSA,9,PSA 9,86.4,2722,31.5,Fanatics,Fanatics,,86.4,,,,,,price_history.csv,,existing price_history.csv rate for date
2023-08-06,Mew,2006 傳說締造者 夢幻,PSA,8,PSA 8,24,756,31.5,Fanatics,Fanatics,,24,,,,,,price_history.csv,,existing price_history.csv rate for date
2023-07-30,Pikachu,皮卡丘,PSA,10,PSA 10,919,28949,31.5,eBay,eBay,,919,,,,,,price_history.csv,,existing price_history.csv rate for date
2023-07-16,Pikachu (Jungle),2000叢林皮卡丘,PSA,9,PSA 9,25.2,794,31.5,Fanatics,Fanatics,,25.2,,,,,,price_history.csv,,existing price_history.csv rate for date
2023-07-09,Pikachu (Jungle),2000叢林皮卡丘,PSA,8,PSA 8,18,567,31.5,Fanatics,Fanatics,,18,,,,,,price_history.csv,,existing price_history.csv rate for date
2023-06-18,Zapdos,閃電鳥,PSA,9,PSA 9,504,15876,31.5,Fanatics,Fanatics,504,504,$504,Auction,,https://www.fanaticscollect.com/weekly/e3065cf6-0352-11ee-b3db-0a0a169be585,https://www.fanaticscollect.com/weekly/e3065cf6-0352-11ee-b3db-0a0a169be585,combined_graded.xlsx,price_history.csv (2023-06-18),existing price_history.csv rate for date
2023-06-11,Pikachu (Jungle),2000叢林皮卡丘,PSA,9,PSA 9,26.4,818,31,Fanatics,Fanatics,,26.4,,,,,,price_history.csv,,existing price_history.csv rate for date
2023-04-16,Pikachu (Jungle),2000叢林皮卡丘,PSA,10,PSA 10,108,3348,31,Fanatics,Fanatics,,108,,,,,,price_history.csv,,existing price_history.csv rate for date
2023-04-16,Pikachu (Jungle),2000叢林皮卡丘,PSA,9,PSA 9,31.2,967,31,Fanatics,Fanatics,,31.2,,,,,,price_history.csv,,existing price_history.csv rate for date
2023-04-03,Raichu,雷丘,BGS,8.5,BGS 8.5,300,9300,31,Fanatics,Fanatics,,300,,,,,,price_history.csv,,existing price_history.csv rate for date
2023-04-02,Pikachu (Jungle),2000叢林皮卡丘,PSA,8.5,PSA 8.5,15.6,484,31,Fanatics,Fanatics,,15.6,,,,,,price_history.csv,,existing price_history.csv rate for date
2023-03-26,Pikachu (Jungle),2000叢林皮卡丘,PSA,9,PSA 9,20.4,622,30.5,Fanatics,Fanatics,,20.4,,,,,,price_history.csv,,existing price_history.csv rate for date
2023-03-19,Mew,2006 傳說締造者 夢幻,PSA,9,PSA 9,79.2,2416,30.5,Fanatics,Fanatics,,79.2,,,,,,price_history.csv,,existing price_history.csv rate for date
2023-03-19,Pikachu (Jungle),2000叢林皮卡丘,PSA,9.5,PSA 9.5,74.4,2269,30.5,Fanatics,Fanatics,,74.4,,,,,,price_history.csv,,existing price_history.csv rate for date
2023-03-12,Gengar,2006 傳說締造者 耿鬼,PSA,9,PSA 9,86.4,2635,30.5,Fanatics,Fanatics,,86.4,,,,,,price_history.csv,,existing price_history.csv rate for date
2023-03-12,Gengar,2006 傳說締造者 耿鬼,PSA,9,PSA 9,91.2,2782,30.5,Fanatics,Fanatics,,91.2,,,,,,price_history.csv,,existing price_history.csv rate for date
2023-03-12,Mew,2006 傳說締造者 夢幻,PSA,10,PSA 10,1200,36600,30.5,Fanatics,Fanatics,,1200,,,,,,price_history.csv,,existing price_history.csv rate for date
2023-03-05,Pikachu (Jungle),2000叢林皮卡丘,PSA,9,PSA 9,76.8,2342,30.5,Fanatics,Fanatics,,76.8,,,,,,price_history.csv,,existing price_history.csv rate for date
2023-02-13,Magneton,三合一磁怪,BGS,9,BGS 9,210,6405,30.5,Fanatics,Fanatics,,210,,,,,,price_history.csv,,existing price_history.csv rate for date
2023-01-08,Pikachu (Jungle),2000叢林皮卡丘,PSA,10,PSA 10,180,5490,30.5,Fanatics,Fanatics,,180,,,,,,price_history.csv,,existing price_history.csv rate for date
2022-12-25,Charmander,小火龍,PSA,8,PSA 8,31,930,30,Fanatics,Fanatics,,31,,,,,,price_history.csv,,existing price_history.csv rate for date
2022-12-25,Squirtle,傑尼龜,PSA,9,PSA 9,30,900,30,Fanatics,Fanatics,30,30,$30,Auction,,https://www.fanaticscollect.com/weekly/4031b5a2-6f23-11ed-b59a-0a58a9feac02,https://www.fanaticscollect.com/weekly/4031b5a2-6f23-11ed-b59a-0a58a9feac02,combined_graded.xlsx,price_history.csv (2022-12-25),existing price_history.csv rate for date
2022-12-25,Squirtle,傑尼龜,PSA,9,PSA 9,29,870,30,Fanatics,Fanatics,,29,,,,,,price_history.csv,,existing price_history.csv rate for date
2022-12-18,Pikachu,皮卡丘,PSA,6,PSA 6,19,570,30,Fanatics,Fanatics,,19,,,,,,price_history.csv,,existing price_history.csv rate for date
2022-12-18,Charmander,小火龍,PSA,8,PSA 8,23,690,30,Fanatics,Fanatics,,23,,,,,,price_history.csv,,existing price_history.csv rate for date
2022-12-18,Charmander,小火龍,PSA,7,PSA 7,18,540,30,Fanatics,Fanatics,18,18,$18,Auction,,https://www.fanaticscollect.com/weekly/40319a2c-6f23-11ed-96bc-0a58a9feac02,https://www.fanaticscollect.com/weekly/40319a2c-6f23-11ed-96bc-0a58a9feac02,combined_graded.xlsx,price_history.csv (2022-12-18),existing price_history.csv rate for date
2022-12-18,Squirtle,傑尼龜,PSA,9,PSA 9,41,1230,30,Fanatics,Fanatics,,41,,,,,,price_history.csv,,existing price_history.csv rate for date
2022-12-04,Pikachu (Jungle),2000叢林皮卡丘,PSA,8,PSA 8,16.8,496,29.5,Fanatics,Fanatics,,16.8,,,,,,price_history.csv,,existing price_history.csv rate for date
2022-11-27,Pikachu,皮卡丘,PSA,9,PSA 9,40,1200,30,Fanatics,Fanatics,,40,,,,,,price_history.csv,,existing price_history.csv rate for date
2022-11-27,Chansey,吉利蛋,PSA,6,PSA 6,31,930,30,Fanatics,Fanatics,,31,,,,,,price_history.csv,,existing price_history.csv rate for date
2022-11-27,Hitmonchan,快拳郎,PSA,6,PSA 6,36,1080,30,Fanatics,Fanatics,36,36,$36,Auction,,https://www.fanaticscollect.com/weekly/4204f84e-6f23-11ed-a501-0a58a9feac02,https://www.fanaticscollect.com/weekly/4204f84e-6f23-11ed-a501-0a58a9feac02,combined_graded.xlsx,price_history.csv (2022-11-27),existing price_history.csv rate for date
2022-11-27,Bulbasaur,妙蛙種子,PSA,9,PSA 9,50,1500,30,Fanatics,Fanatics,,50,,,,,,price_history.csv,,existing price_history.csv rate for date
2022-11-27,Charmander,小火龍,PSA,8,PSA 8,62,1860,30,Fanatics,Fanatics,,62,,,,,,price_history.csv,,existing price_history.csv rate for date
2022-08-14,Charmander,小火龍,PSA,10,PSA 10,690,20700,30,Fanatics,Fanatics,690,690,$690,Auction,,https://www.fanaticscollect.com/weekly/30339396-6f23-11ed-8f35-0a58a9feac02,https://www.fanaticscollect.com/weekly/30339396-6f23-11ed-8f35-0a58a9feac02,combined_graded.xlsx,price_history.csv (2022-08-14),existing price_history.csv rate for date
2022-08-07,Pikachu,皮卡丘,PSA,9,PSA 9,408,12240,30,Fanatics,Fanatics,408,408,$408,Auction,,https://www.fanaticscollect.com/weekly/30336312-6f23-11ed-8f75-0a58a9feac02,https://www.fanaticscollect.com/weekly/30336312-6f23-11ed-8f75-0a58a9feac02,combined_graded.xlsx,price_history.csv (2022-08-07),existing price_history.csv rate for date
2022-08-07,Bulbasaur,妙蛙種子,PSA,9,PSA 9,144,4320,30,Fanatics,Fanatics,144,144,$144,Auction,,https://www.fanaticscollect.com/weekly/3033624a-6f23-11ed-bb57-0a58a9feac02,https://www.fanaticscollect.com/weekly/3033624a-6f23-11ed-bb57-0a58a9feac02,combined_graded.xlsx,price_history.csv (2022-08-07),existing price_history.csv rate for date
2022-08-07,Squirtle,傑尼龜,PSA,9,PSA 9,144,4320,30,Fanatics,Fanatics,144,144,$144,Auction,,https://www.fanaticscollect.com/weekly/3033864e-6f23-11ed-a333-0a58a9feac02,https://www.fanaticscollect.com/weekly/3033864e-6f23-11ed-a333-0a58a9feac02,combined_graded.xlsx,price_history.csv (2022-08-07),existing price_history.csv rate for date
2022-08-07,Magikarp,鯉魚王,PSA,9,PSA 9,54,1620,30,Fanatics,Fanatics,54,54,$54,Auction,,https://www.fanaticscollect.com/weekly/30335bba-6f23-11ed-80c8-0a58a9feac02,https://www.fanaticscollect.com/weekly/30335bba-6f23-11ed-80c8-0a58a9feac02,combined_graded.xlsx,price_history.csv (2022-08-07),existing price_history.csv rate for date
2022-07-31,Charizard,噴火龍,PSA,8,PSA 8,2760,82800,30,Fanatics,Fanatics,2760,2760,"$2,760",Auction,Auction,https://www.fanaticscollect.com/weekly/32fd3b90-6f23-11ed-aa94-0a58a9feac02,https://www.fanaticscollect.com/weekly/32fd3b90-6f23-11ed-aa94-0a58a9feac02,combined_graded.xlsx,price_history.csv (2022-07-31),existing price_history.csv rate for date
2022-07-10,Charizard,噴火龍,PSA,9,PSA 9,5040,151200,30,Fanatics,Fanatics,5040,5040,"$5,040",Auction,Auction,https://www.fanaticscollect.com/weekly/3049797c-6f23-11ed-a92a-0a58a9feac02,https://www.fanaticscollect.com/weekly/3049797c-6f23-11ed-a92a-0a58a9feac02,combined_graded.xlsx,price_history.csv (2022-07-10),existing price_history.csv rate for date
2022-07-10,Blastoise,水箭龜,PSA,9,PSA 9,990,29700,30,Fanatics,Fanatics,990,990,$990,Auction,,https://www.fanaticscollect.com/weekly/30497a4e-6f23-11ed-a4f7-0a58a9feac02,https://www.fanaticscollect.com/weekly/30497a4e-6f23-11ed-a4f7-0a58a9feac02,combined_graded.xlsx,price_history.csv (2022-07-10),existing price_history.csv rate for date
2022-07-10,Venusaur,妙蛙花,PSA,9,PSA 9,720,21600,30,Fanatics,Fanatics,720,720,$720,Auction,,https://www.fanaticscollect.com/weekly/30497b20-6f23-11ed-b155-0a58a9feac02,https://www.fanaticscollect.com/weekly/30497b20-6f23-11ed-b155-0a58a9feac02,combined_graded.xlsx,price_history.csv (2022-07-10),existing price_history.csv rate for date
2022-06-19,Pikachu,皮卡丘,BGS,9.5,BGS 9.5,300,8850,29.5,Fanatics,Fanatics,,300,,,,,,price_history.csv,,existing price_history.csv rate for date
2022-05-22,Gyarados,暴鯉龍,PSA,8,PSA 8,192,5664,29.5,Fanatics,Fanatics,192,192,$192,Auction,,https://www.fanaticscollect.com/weekly/288a3b40-6f23-11ed-bc69-0a58a9feac02,https://www.fanaticscollect.com/weekly/288a3b40-6f23-11ed-bc69-0a58a9feac02,combined_graded.xlsx,price_history.csv (2022-05-22),existing price_history.csv rate for date
2022-05-22,Pikachu (Jungle),2000叢林皮卡丘,PSA,10,PSA 10,252,7434,29.5,Fanatics,Fanatics,,252,,,,,,price_history.csv,,existing price_history.csv rate for date
2022-05-15,Poliwrath,蚊香士,PSA,9,PSA 9,192,5760,30,Fanatics,Fanatics,192,192,$192,Auction,,https://www.fanaticscollect.com/weekly/27d4e146-6f23-11ed-a169-0a58a9feac02,https://www.fanaticscollect.com/weekly/27d4e146-6f23-11ed-a169-0a58a9feac02,combined_graded.xlsx,price_history.csv (2022-05-15),existing price_history.csv rate for date
2022-05-08,Blastoise,水箭龜,BGS,8,BGS 8,360,10260,28.5,Fanatics,Fanatics,,360,,,,,,price_history.csv,,existing price_history.csv rate for date
2022-05-08,Gengar,2006 傳說締造者 耿鬼,BGS,9.5,BGS 9.5,138,3933,28.5,Fanatics,Fanatics,,138,,,,,,price_history.csv,,existing price_history.csv rate for date
2022-05-08,Mew,2006 傳說締造者 夢幻,BGS,9.5,BGS 9.5,138,3933,28.5,Fanatics,Fanatics,,138,,,,,,price_history.csv,,existing price_history.csv rate for date
2022-04-10,Pikachu (Jungle),2000叢林皮卡丘,PSA,10,PSA 10,180,5310,29.5,Fanatics,Fanatics,,180,,,,,,price_history.csv,,existing price_history.csv rate for date
2022-04-03,Charizard,噴火龍,PSA,9,PSA 9,4920,145140,29.5,Fanatics,Fanatics,4920,4920,"$4,920",Auction,Auction,https://www.fanaticscollect.com/weekly/238bda0e-6f23-11ed-b3c5-0a58a9feac02,https://www.fanaticscollect.com/weekly/238bda0e-6f23-11ed-b3c5-0a58a9feac02,combined_graded.xlsx,price_history.csv (2022-04-03),existing price_history.csv rate for date
2022-04-03,Blastoise,水箭龜,PSA,9,PSA 9,1440,42480,29.5,Fanatics,Fanatics,1440,1440,"$1,440",Auction,Auction,https://www.fanaticscollect.com/weekly/238bdae0-6f23-11ed-b926-0a58a9feac02,https://www.fanaticscollect.com/weekly/238bdae0-6f23-11ed-b926-0a58a9feac02,combined_graded.xlsx,price_history.csv (2022-04-03),existing price_history.csv rate for date
2022-03-04,Charizard,噴火龍,PSA,9,PSA 9,3960,116820,29.5,Heritage,Heritage,,3960,,,,,,price_history.csv,,existing price_history.csv rate for date
2022-02-20,Mewtwo,超夢,BGS,9,BGS 9,324,9234,28.5,Fanatics,Fanatics,,324,,,,,,price_history.csv,,existing price_history.csv rate for date
2022-02-20,Chansey,吉利蛋,BGS,9,BGS 9,222,6327,28.5,Fanatics,Fanatics,,222,,,,,,price_history.csv,,existing price_history.csv rate for date
2022-02-20,Gyarados,暴鯉龍,BGS,9,BGS 9,252,7182,28.5,Fanatics,Fanatics,,252,,,,,,price_history.csv,,existing price_history.csv rate for date
2022-02-20,Ninetales,九尾,BGS,9,BGS 9,198,5643,28.5,Fanatics,Fanatics,,198,,,,,,price_history.csv,,existing price_history.csv rate for date
2022-02-20,Raichu,雷丘,BGS,8.5,BGS 8.5,192,5472,28.5,Fanatics,Fanatics,,192,,,,,,price_history.csv,,existing price_history.csv rate for date
2022-02-20,Clefairy,皮皮,BGS,9,BGS 9,186,5301,28.5,Fanatics,Fanatics,,186,,,,,,price_history.csv,,existing price_history.csv rate for date
2022-02-20,Hitmonchan,快拳郎(艾比郎),BGS,9,BGS 9,192,5472,28.5,Fanatics,Fanatics,,192,,,,,,price_history.csv,,existing price_history.csv rate for date
2022-02-13,Charizard,噴火龍,PSA,7,PSA 7,1710,50445,29.5,Fanatics,Fanatics,1710,1710,"$1,710",Auction,Auction,https://www.fanaticscollect.com/weekly/2015af6c-6f23-11ed-9ae3-0a58a9feac02,https://www.fanaticscollect.com/weekly/2015af6c-6f23-11ed-9ae3-0a58a9feac02,combined_graded.xlsx,price_history.csv (2022-02-13),existing price_history.csv rate for date
2022-02-13,Blastoise,水箭龜,PSA,8,PSA 8,420,12390,29.5,Fanatics,Fanatics,420,420,$420,Auction,,https://www.fanaticscollect.com/weekly/2015b03e-6f23-11ed-9647-0a58a9feac02,https://www.fanaticscollect.com/weekly/2015b03e-6f23-11ed-9647-0a58a9feac02,combined_graded.xlsx,price_history.csv (2022-02-13),existing price_history.csv rate for date
2022-02-06,Pikachu (Jungle),2000叢林皮卡丘,PSA,9,PSA 9,43.2,1274,29.5,Fanatics,Fanatics,,43.2,,,,,,price_history.csv,,existing price_history.csv rate for date
2021-08-16,Ninetales,九尾,BGS,9,BGS 9,315,8820,28,Fanatics,Fanatics,,315,,,,,,price_history.csv,,existing price_history.csv rate for date
2021-07-28,Charizard,噴火龍,PSA,8,PSA 8,3050,85400,28,Fanatics,Fanatics,3050,3050,"$3,050",Auction,Auction,https://www.fanaticscollect.com/monthly/0f69fb00-6f23-11ed-a802-0a58a9feac02,https://www.fanaticscollect.com/monthly/0f69fb00-6f23-11ed-a802-0a58a9feac02,combined_graded.xlsx,price_history.csv (2021-07-28),existing price_history.csv rate for date
2021-07-28,Machamp,怪力,PSA,8,PSA 8,190,5320,28,Fanatics,Fanatics,,190,,,,,,price_history.csv,,existing price_history.csv rate for date
2021-07-28,Clefairy,皮皮,PSA,8,PSA 8,181,5068,28,Fanatics,Fanatics,,181,,,,,,price_history.csv,,existing price_history.csv rate for date
2021-07-28,Hitmonchan,快拳郎,PSA,9,PSA 9,355,9940,28,Fanatics,Fanatics,355,355,$355,Auction,,https://www.fanaticscollect.com/monthly/0c8a1424-6f23-11ed-945b-0a58a9feac02,https://www.fanaticscollect.com/monthly/0c8a1424-6f23-11ed-945b-0a58a9feac02,combined_graded.xlsx,price_history.csv (2021-07-28),existing price_history.csv rate for date
2021-07-28,Mew EX,2006 傳說締造者 夢幻EX,BGS,9.5,BGS 9.5,405,11340,28,Fanatics,Fanatics,,405,,,,,,price_history.csv,,existing price_history.csv rate for date
2021-07-28,Pikachu (Jungle),2000叢林皮卡丘,PSA,9,PSA 9,43,1204,28,Fanatics,Fanatics,,43,,,,,,price_history.csv,,existing price_history.csv rate for date
2021-06-27,Poliwrath,蚊香士,PSA,9,PSA 9,317,8876,28,Fanatics,Fanatics,317,317,$317,Auction,,https://www.fanaticscollect.com/monthly/08fce728-6f23-11ed-947a-0a58a9feac02,https://www.fanaticscollect.com/monthly/08fce728-6f23-11ed-947a-0a58a9feac02,combined_graded.xlsx,price_history.csv (2021-06-27),existing price_history.csv rate for date
2021-06-27,Pikachu (Jungle),2000叢林皮卡丘,PSA,8.5,PSA 8.5,51,1428,28,Fanatics,Fanatics,,51,,,,,,price_history.csv,,existing price_history.csv rate for date
2021-06-27,Pikachu (Jungle),2000叢林皮卡丘,PSA,10,PSA 10,425,11900,28,Fanatics,Fanatics,,425,,,,,,price_history.csv,,existing price_history.csv rate for date
2021-06-27,Pikachu (Jungle),2000叢林皮卡丘,PSA,9,PSA 9,104,2912,28,Fanatics,Fanatics,,104,,,,,,price_history.csv,,existing price_history.csv rate for date
2021-06-27,Pikachu (Jungle),2000叢林皮卡丘,PSA,9,PSA 9,104,2912,28,Fanatics,Fanatics,,104,,,,,,price_history.csv,,existing price_history.csv rate for date
2021-05-30,Hitmonchan,快拳郎(艾比郎),BGS,8.5,BGS 8.5,185,5180,28,Fanatics,Fanatics,,185,,,,,,price_history.csv,,existing price_history.csv rate for date
2021-05-28,Charizard,噴火龍,PSA,8,PSA 8,4005,112140,28,Fanatics,Fanatics,4005,4005,"$4,005",Auction,Auction,https://www.fanaticscollect.com/monthly/0575df60-6f23-11ed-977f-0a58a9feac02,https://www.fanaticscollect.com/monthly/0575df60-6f23-11ed-977f-0a58a9feac02,combined_graded.xlsx,price_history.csv (2021-05-28),existing price_history.csv rate for date
2021-05-28,Charizard,噴火龍,PSA,8,PSA 8,3450,96600,28,Fanatics,Fanatics,3450,3450,"$3,450",Auction,Auction,https://www.fanaticscollect.com/monthly/07951f9a-6f23-11ed-a39d-0a58a9feac02,https://www.fanaticscollect.com/monthly/07951f9a-6f23-11ed-a39d-0a58a9feac02,combined_graded.xlsx,price_history.csv (2021-05-28),existing price_history.csv rate for date
2021-05-28,Charizard,噴火龍,PSA,8,PSA 8,3250,91000,28,Fanatics,Fanatics,,3250,,,,,,price_history.csv,,existing price_history.csv rate for date
2021-05-28,Venusaur,妙蛙花,PSA,9,PSA 9,1125,31500,28,Fanatics,Fanatics,,1125,,,,,,price_history.csv,,existing price_history.csv rate for date
2021-05-28,Venusaur,妙蛙花,BGS,8.5,BGS 8.5,512,14336,28,Fanatics,Fanatics,,512,,,,,,price_history.csv,,existing price_history.csv rate for date
2021-05-28,Pikachu,皮卡丘,BGS,9.5,BGS 9.5,710,19880,28,Fanatics,Fanatics,,710,,,,,,price_history.csv,,existing price_history.csv rate for date
2021-05-28,Pikachu,皮卡丘,BGS,9,BGS 9,455,12740,28,Fanatics,Fanatics,,455,,,,,,price_history.csv,,existing price_history.csv rate for date
2021-05-28,Pikachu (Jungle),2000叢林皮卡丘,PSA,10,PSA 10,335,9380,28,Fanatics,Fanatics,,335,,,,,,price_history.csv,,existing price_history.csv rate for date
2021-05-28,Pikachu (Jungle),2000叢林皮卡丘,PSA,10,PSA 10,322,9016,28,Fanatics,Fanatics,,322,,,,,,price_history.csv,,existing price_history.csv rate for date
2021-05-22,Raichu,雷丘,BGS,9,BGS 9,325,9100,28,Fanatics,Fanatics,,325,,,,,,price_history.csv,,existing price_history.csv rate for date
2021-05-08,Chansey,吉利蛋,BGS,8.5,BGS 8.5,250,7000,28,Fanatics,Fanatics,,250,,,,,,price_history.csv,,existing price_history.csv rate for date
2021-05-08,Alakazam,胡地,BGS,8.5,BGS 8.5,250,7000,28,Fanatics,Fanatics,,250,,,,,,price_history.csv,,existing price_history.csv rate for date
2021-05-07,Gyarados,暴鯉龍,BGS,8.5,BGS 8.5,350,9800,28,Fanatics,Fanatics,,350,,,,,,price_history.csv,,existing price_history.csv rate for date
2021-04-27,Charizard,噴火龍,PSA,9,PSA 9,8130,227640,28,Fanatics,Fanatics,,8130,,,,,,price_history.csv,,existing price_history.csv rate for date
2021-04-27,Blastoise,水箭龜,PSA,8,PSA 8,760,21280,28,Fanatics,Fanatics,,760,,,,,,price_history.csv,,existing price_history.csv rate for date
2021-04-27,Venusaur,妙蛙花,PSA,9,PSA 9,1045,29260,28,Fanatics,Fanatics,,1045,,,,,,price_history.csv,,existing price_history.csv rate for date
2021-04-27,Pikachu (Jungle),2000叢林皮卡丘,PSA,9,PSA 9,215.5,6034,28,Fanatics,Fanatics,,215.5,,,,,,price_history.csv,,existing price_history.csv rate for date
2021-04-26,Charizard,噴火龍,BGS,7,BGS 7,1725,48300,28,Fanatics,Fanatics,,1725,,,,,,price_history.csv,,existing price_history.csv rate for date
2021-03-28,Blastoise,水箭龜,PSA,8,PSA 8,1050,29400,28,Fanatics,Fanatics,,1050,,,,,,price_history.csv,,existing price_history.csv rate for date
2021-02-27,Blastoise,水箭龜,BGS,8,BGS 8,910,25480,28,Fanatics,Fanatics,,910,,,,,,price_history.csv,,existing price_history.csv rate for date
2021-02-27,Venusaur,妙蛙花,BGS,8.5,BGS 8.5,1125,31500,28,Fanatics,Fanatics,,1125,,,,,,price_history.csv,,existing price_history.csv rate for date
2021-01-31,Charizard,噴火龍,PSA,6,PSA 6,1975,55300,28,Fanatics,Fanatics,,1975,,,,,,price_history.csv,,existing price_history.csv rate for date
2021-01-27,Mewtwo,超夢,PSA,9,PSA 9,760,21280,28,PWCC,PWCC,,760,,,,,,price_history.csv,,existing price_history.csv rate for date
2020-12-28,Nidoking,尼多王,PSA,7,PSA 7,103,3039,29.5,PWCC,PWCC,,103,,,,,,price_history.csv,,existing price_history.csv rate for date
2020-12-28,Machamp,怪力,PSA,6,PSA 6,84,2478,29.5,PWCC,PWCC,,84,,,,,,price_history.csv,,existing price_history.csv rate for date
2020-11-25,Venusaur,妙蛙花,PSA,7,PSA 7,460,13570,29.5,Fanatics,Fanatics,,460,,,,,,price_history.csv,,existing price_history.csv rate for date
2020-09-28,Chansey,吉利蛋,PSA,8,PSA 8,160,4720,29.5,PWCC,PWCC,,160,,,,,,price_history.csv,,existing price_history.csv rate for date
2020-09-28,Alakazam,胡地,PSA,7,PSA 7,111,3275,29.5,PWCC,PWCC,,111,,,,,,price_history.csv,,existing price_history.csv rate for date
2020-09-28,Raichu,雷丘,PSA,6,PSA 6,76,2242,29.5,PWCC,PWCC,,76,,,,,,price_history.csv,,existing price_history.csv rate for date
2020-09-28,Clefairy,皮皮,PSA,6,PSA 6,42,1239,29.5,PWCC,PWCC,,42,,,,,,price_history.csv,,existing price_history.csv rate for date
2020-09-28,Magneton,三合一磁怪,PSA,9,PSA 9,272,8024,29.5,PWCC,PWCC,,272,,,,,,price_history.csv,,existing price_history.csv rate for date
2020-09-28,Bulbasaur,妙蛙種子,PSA,9,PSA 9,48,1416,29.5,PWCC,PWCC,,48,,,,,,price_history.csv,,existing price_history.csv rate for date
2020-09-28,Squirtle,傑尼龜,PSA,7,PSA 7,51,1505,29.5,PWCC,PWCC,,51,,,,,,price_history.csv,,existing price_history.csv rate for date
2020-09-28,Squirtle,傑尼龜,PSA,6,PSA 6,26,767,29.5,PWCC,PWCC,,26,,,,,,price_history.csv,,existing price_history.csv rate for date
2020-09-28,Magikarp,鯉魚王,PSA,9,PSA 9,102.5,3024,29.5,Fanatics,Fanatics,,102.5,,,,,,price_history.csv,,existing price_history.csv rate for date
2020-09-28,Pikachu (Jungle),2000叢林皮卡丘,PSA,10,PSA 10,152.5,4499,29.5,Fanatics,Fanatics,,152.5,,,,,,price_history.csv,,existing price_history.csv rate for date
2020-09-28,Pikachu (Jungle),2000叢林皮卡丘,PSA,10,PSA 10,152.5,4499,29.5,Fanatics,Fanatics,,152.5,,,,,,price_history.csv,,existing price_history.csv rate for date
2020-08-31,Ninetales,九尾,PSA,9,PSA 9,279,8231,29.5,PWCC,PWCC,,279,,,,,,price_history.csv,,existing price_history.csv rate for date
2020-07-27,Blastoise,水箭龜,PSA,9,PSA 9,1913,56434,29.5,PWCC,PWCC,,1913,,,,,,price_history.csv,,existing price_history.csv rate for date
2020-07-27,Venusaur,妙蛙花,PSA,9,PSA 9,1125,33188,29.5,PWCC,PWCC,,1125,,,,,,price_history.csv,,existing price_history.csv rate for date
2020-07-27,Mewtwo,超夢,PSA,9,PSA 9,455,13423,29.5,PWCC,PWCC,,455,,,,,,price_history.csv,,existing price_history.csv rate for date
2020-07-27,Zapdos,閃電鳥,PSA,9,PSA 9,380,11210,29.5,PWCC,PWCC,,380,,,,,,price_history.csv,,existing price_history.csv rate for date
2020-07-27,Chansey,吉利蛋,PSA,9,PSA 9,393,11594,29.5,PWCC,PWCC,,393,,,,,,price_history.csv,,existing price_history.csv rate for date
2020-07-27,Alakazam,胡地,PSA,9,PSA 9,380,11210,29.5,PWCC,PWCC,,380,,,,,,price_history.csv,,existing price_history.csv rate for date
2020-07-27,Gyarados,暴鯉龍,PSA,9,PSA 9,405,11948,29.5,PWCC,PWCC,,405,,,,,,price_history.csv,,existing price_history.csv rate for date
2020-07-27,Nidoking,尼多王,PSA,9,PSA 9,330,9735,29.5,PWCC,PWCC,,330,,,,,,price_history.csv,,existing price_history.csv rate for date
2020-07-27,Machamp,怪力,PSA,8,PSA 8,271,7995,29.5,PWCC,PWCC,,271,,,,,,price_history.csv,,existing price_history.csv rate for date
2020-07-27,Raichu,雷丘,PSA,9,PSA 9,360,10620,29.5,PWCC,PWCC,,360,,,,,,price_history.csv,,existing price_history.csv rate for date
2020-07-27,Clefairy,皮皮,PSA,9,PSA 9,305,8998,29.5,PWCC,PWCC,,305,,,,,,price_history.csv,,existing price_history.csv rate for date
2020-07-27,Magneton,三合一磁怪,PSA,8,PSA 8,153,4514,29.5,PWCC,PWCC,,153,,,,,,price_history.csv,,existing price_history.csv rate for date
2020-07-27,Hitmonchan,快拳郎(艾比郎),PSA,8,PSA 8,153,4514,29.5,PWCC,PWCC,,153,,,,,,price_history.csv,,existing price_history.csv rate for date
2020-07-27,Poliwrath,蚊香泳士(快泳蛙),PSA,9,PSA 9,300,8850,29.5,PWCC,PWCC,,300,,,,,,price_history.csv,,existing price_history.csv rate for date
2020-07-27,Pikachu (Jungle),2000叢林皮卡丘,PSA,10,PSA 10,202.5,5974,29.5,Fanatics,Fanatics,,202.5,,,,,,price_history.csv,,existing price_history.csv rate for date
2020-07-27,Pikachu (Jungle),2000叢林皮卡丘,PSA,9,PSA 9,36,1062,29.5,Fanatics,Fanatics,,36,,,,,,price_history.csv,,existing price_history.csv rate for date
2020-06-28,Mewtwo,超夢,PSA,8,PSA 8,193,5694,29.5,PWCC,PWCC,,193,,,,,,price_history.csv,,existing price_history.csv rate for date
2020-06-28,Nidoking,尼多王,PSA,9,PSA 9,178,5251,29.5,PWCC,PWCC,,178,,,,,,price_history.csv,,existing price_history.csv rate for date
2020-06-28,Magneton,三合一磁怪,PSA,9,PSA 9,166,4897,29.5,PWCC,PWCC,,166,,,,,,price_history.csv,,existing price_history.csv rate for date
2020-06-28,Hitmonchan,快拳郎(艾比郎),PSA,9,PSA 9,178,5251,29.5,PWCC,PWCC,,178,,,,,,price_history.csv,,existing price_history.csv rate for date
2020-06-28,Pikachu (Jungle),2000叢林皮卡丘,PSA,10,PSA 10,122.5,3614,29.5,Fanatics,Fanatics,,122.5,,,,,,price_history.csv,,existing price_history.csv rate for date
2020-01-28,Pikachu (Jungle),2000叢林皮卡丘,PSA,9,PSA 9,22,649,29.5,Fanatics,Fanatics,,22,,,,,,price_history.csv,,existing price_history.csv rate for date
2019-12-23,Pikachu (Jungle),2000叢林皮卡丘,PSA,10,PSA 10,24.5,760,31,Fanatics,Fanatics,,24.5,,,,,,price_history.csv,,existing price_history.csv rate for date
2019-11-26,Pikachu (Jungle),2000叢林皮卡丘,PSA,10,PSA 10,39,1209,31,Fanatics,Fanatics,,39,,,,,,price_history.csv,,existing price_history.csv rate for date
2019-10-30,Pikachu (Jungle),2000叢林皮卡丘,PSA,10,PSA 10,45,1395,31,Fanatics,Fanatics,,45,,,,,,price_history.csv,,existing price_history.csv rate for date
2019-07-30,Pikachu (Jungle),2000叢林皮卡丘,PSA,10,PSA 10,56,1736,31,Fanatics,Fanatics,,56,,,,,,price_history.csv,,existing price_history.csv rate for date
2019-05-28,Blastoise,水箭龜,PSA,9,PSA 9,365,11315,31,PWCC,PWCC,,365,,,,,,price_history.csv,,existing price_history.csv rate for date
2019-05-28,Venusaur,妙蛙花,PSA,9,PSA 9,105,3255,31,PWCC,PWCC,,105,,,,,,price_history.csv,,existing price_history.csv rate for date
2019-05-28,Zapdos,閃電鳥,PSA,9,PSA 9,100,3100,31,PWCC,PWCC,,100,,,,,,price_history.csv,,existing price_history.csv rate for date
2019-05-28,Chansey,吉利蛋,PSA,9,PSA 9,103,3193,31,PWCC,PWCC,,103,,,,,,price_history.csv,,existing price_history.csv rate for date
2019-05-28,Alakazam,胡地,PSA,8,PSA 8,86,2666,31,PWCC,PWCC,,86,,,,,,price_history.csv,,existing price_history.csv rate for date
2019-05-28,Gyarados,暴鯉龍,PSA,9,PSA 9,128,3968,31,PWCC,PWCC,,128,,,,,,price_history.csv,,existing price_history.csv rate for date
2019-05-28,Nidoking,尼多王,PSA,9,PSA 9,51,1581,31,PWCC,PWCC,,51,,,,,,price_history.csv,,existing price_history.csv rate for date
2019-05-28,Machamp,怪力,PSA,9,PSA 9,20,620,31,PWCC,PWCC,,20,,,,,,price_history.csv,,existing price_history.csv rate for date
2019-05-28,Ninetales,九尾,PSA,9,PSA 9,32,992,31,PWCC,PWCC,,32,,,,,,price_history.csv,,existing price_history.csv rate for date
2019-05-28,Hitmonchan,快拳郎(艾比郎),PSA,8,PSA 8,51,1581,31,PWCC,PWCC,,51,,,,,,price_history.csv,,existing price_history.csv rate for date
2019-05-28,Pikachu (Jungle),2000叢林皮卡丘,PSA,10,PSA 10,61,1891,31,Fanatics,Fanatics,,61,,,,,,price_history.csv,,existing price_history.csv rate for date
2019-03-27,Blastoise,水箭龜,PSA,8,PSA 8,103,3193,31,PWCC,PWCC,,103,,,,,,price_history.csv,,existing price_history.csv rate for date
2019-03-27,Chansey,吉利蛋,PSA,9,PSA 9,45,1395,31,PWCC,PWCC,,45,,,,,,price_history.csv,,existing price_history.csv rate for date
2018-11-20,Blastoise,水箭龜,PSA,8,PSA 8,67,2077,31,PWCC,PWCC,,67,,,,,,price_history.csv,,existing price_history.csv rate for date
2018-11-20,Venusaur,妙蛙花,PSA,9,PSA 9,77,2387,31,PWCC,PWCC,,77,,,,,,price_history.csv,,existing price_history.csv rate for date
2018-11-20,Zapdos,閃電鳥,PSA,9,PSA 9,57,1767,31,PWCC,PWCC,,57,,,,,,price_history.csv,,existing price_history.csv rate for date
2018-11-20,Alakazam,胡地,PSA,7,PSA 7,22,682,31,PWCC,PWCC,,22,,,,,,price_history.csv,,existing price_history.csv rate for date
2018-11-20,Gyarados,暴鯉龍,PSA,9,PSA 9,43,1333,31,PWCC,PWCC,,43,,,,,,price_history.csv,,existing price_history.csv rate for date
2018-02-25,Venusaur,妙蛙花,PSA,10,PSA 10,245,7473,30.5,PWCC,PWCC,,245,,,,,,price_history.csv,,existing price_history.csv rate for date
2026-07-19,Bulbasaur,妙蛙種子,PSA,9,PSA 9,98.4,3178,32.3,Fanatics,Fanatics,98.4,98.4,$98.40,Auction,,https://www.fanaticscollect.com/weekly/859c7890-7c6f-11f1-94a8-0a58a9feac02,https://www.fanaticscollect.com/weekly/859c7890-7c6f-11f1-94a8-0a58a9feac02,combined_graded.xlsx,price_history.csv (2026-07-19),existing price_history.csv rate for date
2026-07-05,Gengar,耿鬼,CGC,9,CGC 9 MINT,301,9722,32.3,eBay,eBay via 130point,301,301,$301.00 USD,Auction,,https://ebay.com/itm/307024347352?nordt=true,https://ebay.com/itm/307024347352?nordt=true,combined_graded.xlsx,price_history.csv (2026-07-05),existing price_history.csv rate for date
2026-07-04,Hitmonchan,快拳郎,PSA,8,PSA 8,550,17765,32.3,eBay,eBay via 130point,575,550,$550.00 USD,Best Offer Accepted,,https://ebay.com/itm/227240725154?nordt=true,https://ebay.com/itm/227240725154?nordt=true,combined_graded.xlsx,price_history.csv (2026-07-04),existing price_history.csv rate for date
2026-06-16,Machamp,怪力,PSA,7,PSA 7,200,6460,32.3,eBay,eBay via 130point,300,200,$200.00 USD,Best Offer Accepted,,https://ebay.com/itm/298417619115?nordt=true,https://ebay.com/itm/298417619115?nordt=true,combined_graded.xlsx,price_history.csv (2026-06-16),existing price_history.csv rate for date
2026-06-13,Pikachu,皮卡丘,PSA,8,PSA 8,300,9690,32.3,eBay,eBay via 130point,300,300,$300.00 USD,Fixed Price,,https://ebay.com/itm/398039285976?nordt=true,https://ebay.com/itm/398039285976?nordt=true,combined_graded.xlsx,price_history.csv (2026-06-13),existing price_history.csv rate for date
2026-06-07,Squirtle,傑尼龜,RAW,RAW,Raw,49.7,1605,32.3,eBay,eBay via 130point,129.5,49.7,$49.70 USD,Best Offer Accepted,,https://ebay.com/itm/306926356391?nordt=true,https://ebay.com/itm/306926356391?nordt=true,combined_graded.xlsx,price_history.csv (2026-06-07),existing price_history.csv rate for date
2026-05-24,Magikarp,鯉魚王,CGC,9,CGC 9,76.8,2481,32.3,Fanatics,Fanatics,76.8,76.8,$76.80,Auction,,https://www.fanaticscollect.com/weekly/c586abac-4d75-11f1-921b-027004a3c7d9,https://www.fanaticscollect.com/weekly/c586abac-4d75-11f1-921b-027004a3c7d9,combined_graded.xlsx,price_history.csv (2026-05-24),existing price_history.csv rate for date
2026-05-24,Pikachu,皮卡丘,CGC,8.5,CGC 8.5,252,8140,32.3,Fanatics,Fanatics,252,252,$252,Auction,,https://www.fanaticscollect.com/weekly/c584bc98-4d75-11f1-a367-027004a3c7d9,https://www.fanaticscollect.com/weekly/c584bc98-4d75-11f1-a367-027004a3c7d9,combined_graded.xlsx,price_history.csv (2026-05-24),existing price_history.csv rate for date
2026-05-14,Pikachu,皮卡丘,CGC,10,CGC 10,674.5,21786,32.3,eBay,eBay via 130point,674.5,674.5,$674.50 USD,Fixed Price,,https://ebay.com/itm/226689994762?nordt=true,https://ebay.com/itm/226689994762?nordt=true,combined_graded.xlsx,price_history.csv (2026-05-14),existing price_history.csv rate for date
2026-05-12,Magikarp,鯉魚王,RAW,RAW,Raw,222,7171,32.3,eBay,eBay via 130point,222,222,$222.00 USD,Fixed Price,,https://ebay.com/itm/137167096887?nordt=true,https://ebay.com/itm/137167096887?nordt=true,combined_graded.xlsx,price_history.csv (2026-05-12),existing price_history.csv rate for date
2026-05-06,Hitmonchan,快拳郎,CGC,8.5,CGC 8.5,230,7429,32.3,Fanatics,Fanatics,230,230,$230,Buy Now,,https://www.fanaticscollect.com/buy-now/74297c74-b03c-4f69-a50d-d191bbbb747e,https://www.fanaticscollect.com/buy-now/74297c74-b03c-4f69-a50d-d191bbbb747e,combined_graded.xlsx,price_history.csv (2026-05-06),existing price_history.csv rate for date
2026-05-02,Wartortle,卡咪龜,CGC,9,CGC 9,64.5,2083,32.3,eBay,eBay via 130point,64.5,64.5,$64.50 USD,Fixed Price,,https://ebay.com/itm/226731365020?nordt=true,https://ebay.com/itm/226731365020?nordt=true,combined_graded.xlsx,price_history.csv (2026-05-02),existing price_history.csv rate for date
2026-04-29,Zapdos,閃電鳥,CGC,8,CGC 8,350,11305,32.3,eBay,eBay via 130point,444,350,$350.00 USD,Best Offer Accepted,,https://ebay.com/itm/117165429435?nordt=true,https://ebay.com/itm/117165429435?nordt=true,combined_graded.xlsx,price_history.csv (2026-04-29),existing price_history.csv rate for date
2026-04-28,Squirtle,傑尼龜,CGC,9,CGC 9,87.5,2826,32.3,eBay,eBay via 130point,87.5,87.5,$87.50 USD,Fixed Price,,https://ebay.com/itm/326791790220?nordt=true,https://ebay.com/itm/326791790220?nordt=true,combined_graded.xlsx,price_history.csv (2026-04-28),existing price_history.csv rate for date
2026-04-02,Squirtle,傑尼龜,CGC,9,CGC 9,87.5,2826,32.3,eBay,eBay via 130point,87.5,87.5,$87.50 USD,Fixed Price,,https://ebay.com/itm/226625548439?nordt=true,https://ebay.com/itm/226625548439?nordt=true,combined_graded.xlsx,price_history.csv (2026-04-02),existing price_history.csv rate for date
2026-03-26,Venusaur,妙蛙花,PSA,9,PSA 9,1501.51,48499,32.3,eBay,eBay via 130point,1501.51,1501.51,"$1,275.00 EUR",Best Offer Accepted,Best Offer Accepted,https://ebay.com/itm/116403219652?nordt=true,https://ebay.com/itm/116403219652?nordt=true,combined_graded.xlsx,price_history.csv (2026-03-26),existing price_history.csv rate for date
2026-03-23,Gyarados,暴鯉龍,PSA,9,PSA 9,577.44,18651,32.3,eBay,eBay via 130point,577.44,577.44,$449.00 EUR,Best Offer Accepted,,https://ebay.com/itm/116426582092?nordt=true,https://ebay.com/itm/116426582092?nordt=true,combined_graded.xlsx,price_history.csv (2026-03-23),existing price_history.csv rate for date
2026-03-20,Gengar,耿鬼,CGC,9,CGC 9 MINT,199,6428,32.3,eBay,eBay via 130point,199,199,$199.00 USD,Fixed Price,,https://ebay.com/itm/127572356434?nordt=true,https://ebay.com/itm/127572356434?nordt=true,combined_graded.xlsx,price_history.csv (2026-03-20),existing price_history.csv rate for date
2026-03-19,Chansey,吉利蛋,PSA,8,PSA 8,287.35,9281,32.3,eBay,eBay via 130point,287.35,287.35,$240.00 EUR,Best Offer Accepted,,https://ebay.com/itm/116257824711?nordt=true,https://ebay.com/itm/116257824711?nordt=true,combined_graded.xlsx,price_history.csv (2026-03-19),existing price_history.csv rate for date
2026-03-18,Gyarados,暴鯉龍,PSA,8,PSA 8,287.35,9281,32.3,eBay,eBay via 130point,287.35,287.35,$245.00 EUR,Best Offer Accepted,,https://ebay.com/itm/116072388452?nordt=true,https://ebay.com/itm/116072388452?nordt=true,combined_graded.xlsx,price_history.csv (2026-03-18),existing price_history.csv rate for date
2026-03-14,Pikachu,皮卡丘,PSA,9,PSA 9,919.25,29692,32.3,eBay,eBay via 130point,919.25,919.25,$660.00 EUR,Best Offer Accepted,,https://ebay.com/itm/286784660602?nordt=true,https://ebay.com/itm/286784660602?nordt=true,combined_graded.xlsx,price_history.csv (2026-03-14),existing price_history.csv rate for date
2026-02-22,Charmeleon,火恐龍,CGC,9,CGC 9,43.2,1395,32.3,Fanatics,Fanatics,43.2,43.2,$43.20,Auction,,https://www.fanaticscollect.com/weekly/fd75288a-fcea-11f0-b9e4-0a58a9feac02,https://www.fanaticscollect.com/weekly/fd75288a-fcea-11f0-b9e4-0a58a9feac02,combined_graded.xlsx,price_history.csv (2026-02-22),existing price_history.csv rate for date
2026-02-15,Charmander,小火龍,CGC,8,CGC 8,26.4,853,32.3,Fanatics,Fanatics,26.4,26.4,$26.40,Auction,,https://www.fanaticscollect.com/weekly/e5e659e4-06bf-11f1-9dc5-0a58a9feac02,https://www.fanaticscollect.com/weekly/e5e659e4-06bf-11f1-9dc5-0a58a9feac02,combined_graded.xlsx,price_history.csv (2026-02-15),existing price_history.csv rate for date
2026-02-08,Mewtwo,超夢,CGC,8.5,CGC 8.5,500,16150,32.3,eBay,eBay via 130point,800,500,$500.00 USD,Best Offer Accepted,,https://ebay.com/itm/298001884736?nordt=true,https://ebay.com/itm/298001884736?nordt=true,combined_graded.xlsx,price_history.csv (2026-02-08),existing price_history.csv rate for date
2026-02-07,Mewtwo,超夢,CGC,9,CGC 9,699,22578,32.3,Fanatics,Fanatics,699,699,$699,Buy Now,,https://www.fanaticscollect.com/buy-now/86115a39-7fa4-431c-9bc6-2e60a339db3a,https://www.fanaticscollect.com/buy-now/86115a39-7fa4-431c-9bc6-2e60a339db3a,combined_graded.xlsx,price_history.csv (2026-02-07),existing price_history.csv rate for date
2026-02-01,Poliwrath,蚊香士,CGC,8.5,CGC 8.5,139,4490,32.3,Fanatics,Fanatics,139,139,$139,Buy Now,,https://www.fanaticscollect.com/buy-now/611ead2e-1f90-4ac5-8b02-ca384b6ff2d7,https://www.fanaticscollect.com/buy-now/611ead2e-1f90-4ac5-8b02-ca384b6ff2d7,combined_graded.xlsx,price_history.csv (2026-02-01),existing price_history.csv rate for date
2026-01-24,Poliwrath,蚊香士,PSA,8.5,PSA 8.5,290.7,9390,32.3,eBay,eBay via 130point,290.7,290.7,$290.70 USD,Fixed Price,,https://ebay.com/itm/397279768040?nordt=true,https://ebay.com/itm/397279768040?nordt=true,combined_graded.xlsx,price_history.csv (2026-01-24),existing price_history.csv rate for date
2025-11-30,Bulbasaur,妙蛙種子,PSA,9,PSA 9,64.8,2093,32.3,Fanatics,Fanatics,64.8,64.8,$64.80,Auction,,https://www.fanaticscollect.com/weekly/cd1567f6-c0de-11f0-b237-0aa5a1e132ff,https://www.fanaticscollect.com/weekly/cd1567f6-c0de-11f0-b237-0aa5a1e132ff,combined_graded.xlsx,price_history.csv (2025-11-30),existing price_history.csv rate for date
2025-11-30,Pikachu,皮卡丘,PSA,7,PSA 7,39.6,1279,32.3,Fanatics,Fanatics,39.6,39.6,$39.60,Auction,,https://www.fanaticscollect.com/weekly/37953ea6-b8a3-11f0-b9fe-0a58a9feac02,https://www.fanaticscollect.com/weekly/37953ea6-b8a3-11f0-b9fe-0a58a9feac02,combined_graded.xlsx,price_history.csv (2025-11-30),existing price_history.csv rate for date
2025-11-30,Wartortle,卡咪龜,PSA,9,PSA 9,64.8,2093,32.3,Fanatics,Fanatics,64.8,64.8,$64.80,Auction,,https://www.fanaticscollect.com/weekly/cd1323d8-c0de-11f0-818e-0aa5a1e132ff,https://www.fanaticscollect.com/weekly/cd1323d8-c0de-11f0-818e-0aa5a1e132ff,combined_graded.xlsx,price_history.csv (2025-11-30),existing price_history.csv rate for date
2025-11-19,Charmander,小火龍,RAW,RAW,Raw,35,1131,32.3,eBay,eBay via 130point,35,35,$35.00 USD,Fixed Price,,https://ebay.com/itm/136474041864?nordt=true,https://ebay.com/itm/136474041864?nordt=true,combined_graded.xlsx,price_history.csv (2025-11-19),existing price_history.csv rate for date
2025-11-16,Gyarados,暴鯉龍,CGC,AUTH,CGC AUTH,74.4,2403,32.3,Fanatics,Fanatics,74.4,74.4,$74.40,Auction,,https://www.fanaticscollect.com/weekly/fcf01294-b5c3-11f0-b11e-0aaa5cbce8f7,https://www.fanaticscollect.com/weekly/fcf01294-b5c3-11f0-b11e-0aaa5cbce8f7,combined_graded.xlsx,price_history.csv (2025-11-16),existing price_history.csv rate for date
2025-11-16,Pikachu,皮卡丘,PSA,7,PSA 7,49.2,1589,32.3,Fanatics,Fanatics,49.2,49.2,$49.20,Auction,,https://www.fanaticscollect.com/weekly/f5b22ca6-b8a2-11f0-a84e-0a58a9feac02,https://www.fanaticscollect.com/weekly/f5b22ca6-b8a2-11f0-a84e-0a58a9feac02,combined_graded.xlsx,price_history.csv (2025-11-16),existing price_history.csv rate for date
2025-11-16,Poliwrath,蚊香士,CGC,AUTH,CGC AUTH,37.2,1202,32.3,Fanatics,Fanatics,37.2,37.2,$37.20,Auction,,https://www.fanaticscollect.com/weekly/fced28b8-b5c3-11f0-977b-02d058758487,https://www.fanaticscollect.com/weekly/fced28b8-b5c3-11f0-977b-02d058758487,combined_graded.xlsx,price_history.csv (2025-11-16),existing price_history.csv rate for date
2025-11-16,Raichu,雷丘,CGC,AUTH,CGC AUTH,69.6,2248,32.3,Fanatics,Fanatics,69.6,69.6,$69.60,Auction,,https://www.fanaticscollect.com/weekly/fd14ac30-b5c3-11f0-b107-062f11f669fd,https://www.fanaticscollect.com/weekly/fd14ac30-b5c3-11f0-b107-062f11f669fd,combined_graded.xlsx,price_history.csv (2025-11-16),existing price_history.csv rate for date
2025-11-08,Blastoise,水箭龜,CGC,8,CGC 8,699,22578,32.3,Fanatics,Fanatics,699,699,$699,Buy Now,,https://www.fanaticscollect.com/fixed/993142a4-55cf-11f0-a0ac-0a58a9feac02,https://www.fanaticscollect.com/fixed/993142a4-55cf-11f0-a0ac-0a58a9feac02,combined_graded.xlsx,price_history.csv (2025-11-08),existing price_history.csv rate for date
2025-10-26,Charmander,小火龍,RAW,RAW,Raw,35,1131,32.3,eBay,eBay via 130point,35,35,$35.00 USD,Fixed Price,,https://ebay.com/itm/136583788678?nordt=true,https://ebay.com/itm/136583788678?nordt=true,combined_graded.xlsx,price_history.csv (2025-10-26),existing price_history.csv rate for date
2025-10-26,Charmander,小火龍,PSA,8,PSA 8,39.6,1279,32.3,Fanatics,Fanatics,39.6,39.6,$39.60,Auction,,https://www.fanaticscollect.com/weekly/d259cf98-a00b-11f0-8f3a-0a58a9feac02,https://www.fanaticscollect.com/weekly/d259cf98-a00b-11f0-8f3a-0a58a9feac02,combined_graded.xlsx,price_history.csv (2025-10-26),existing price_history.csv rate for date
2025-10-26,Gyarados,暴鯉龍,CGC,8,CGC 8,279,9012,32.3,Fanatics,Fanatics,279,279,$279,Buy Now,,https://www.fanaticscollect.com/fixed/992087a2-55cf-11f0-82e1-0a58a9feac02,https://www.fanaticscollect.com/fixed/992087a2-55cf-11f0-82e1-0a58a9feac02,combined_graded.xlsx,price_history.csv (2025-10-26),existing price_history.csv rate for date
2025-10-06,Nidoking,尼多王,CGC,9,CGC 9,259,8366,32.3,Fanatics,Fanatics,259,259,$259,Buy Now,,https://www.fanaticscollect.com/fixed/9877e156-55cf-11f0-978a-0a58a9feac02,https://www.fanaticscollect.com/fixed/9877e156-55cf-11f0-978a-0a58a9feac02,combined_graded.xlsx,price_history.csv (2025-10-06),existing price_history.csv rate for date
2025-09-22,Ninetales,九尾,CGC,8.5,CGC 8.5,140,4522,32.3,Fanatics,Fanatics,140,140,$140,Buy Now,,https://www.fanaticscollect.com/fixed/98cd526c-55cf-11f0-b25d-0a58a9feac02,https://www.fanaticscollect.com/fixed/98cd526c-55cf-11f0-b25d-0a58a9feac02,combined_graded.xlsx,price_history.csv (2025-09-22),existing price_history.csv rate for date
2025-09-22,Zapdos,閃電鳥,CGC,8,CGC 8,141,4554,32.3,Fanatics,Fanatics,141,141,$141,Buy Now,,https://www.fanaticscollect.com/fixed/98abd83a-55cf-11f0-b744-0a58a9feac02,https://www.fanaticscollect.com/fixed/98abd83a-55cf-11f0-b744-0a58a9feac02,combined_graded.xlsx,price_history.csv (2025-09-22),existing price_history.csv rate for date
2025-09-21,Charmander,小火龍,CGC,8.5,CGC 8.5,62.4,2016,32.3,Fanatics,Fanatics,62.4,62.4,$62.40,Auction,,https://www.fanaticscollect.com/weekly/40d81fb0-8d92-11f0-894a-06e64cb10daf,https://www.fanaticscollect.com/weekly/40d81fb0-8d92-11f0-894a-06e64cb10daf,combined_graded.xlsx,price_history.csv (2025-09-21),existing price_history.csv rate for date
2025-09-05,Raichu,雷丘,CGC,9,CGC 9,448,14470,32.3,Fanatics,Fanatics,448,448,$448,Buy Now,,https://www.fanaticscollect.com/fixed/98665814-55cf-11f0-a5eb-0a58a9feac02,https://www.fanaticscollect.com/fixed/98665814-55cf-11f0-a5eb-0a58a9feac02,combined_graded.xlsx,price_history.csv (2025-09-05),existing price_history.csv rate for date
2025-09-05,Venusaur,妙蛙花,CGC,8,CGC 8,437,14115,32.3,Fanatics,Fanatics,437,437,$437,Buy Now,,https://www.fanaticscollect.com/fixed/98bcb1a0-55cf-11f0-9851-0a58a9feac02,https://www.fanaticscollect.com/fixed/98bcb1a0-55cf-11f0-9851-0a58a9feac02,combined_graded.xlsx,price_history.csv (2025-09-05),existing price_history.csv rate for date
2025-09-02,Venusaur,妙蛙花,CGC,8.5,CGC 8.5,499,16118,32.3,Fanatics,Fanatics,499,499,$499,Buy Now,,https://www.fanaticscollect.com/fixed/9855adb6-55cf-11f0-9bff-0a58a9feac02,https://www.fanaticscollect.com/fixed/9855adb6-55cf-11f0-9bff-0a58a9feac02,combined_graded.xlsx,price_history.csv (2025-09-02),existing price_history.csv rate for date
2025-08-04,Chansey,吉利蛋,CGC,8,CGC 8,208,6718,32.3,Fanatics,Fanatics,208,208,$208,Buy Now,,https://www.fanaticscollect.com/fixed/3ca3f398-64d8-11f0-b54a-0a58a9feac02,https://www.fanaticscollect.com/fixed/3ca3f398-64d8-11f0-b54a-0a58a9feac02,combined_graded.xlsx,price_history.csv (2025-08-04),existing price_history.csv rate for date
2025-08-04,Raichu,雷丘,CGC,8,CGC 8,178,5749,32.3,Fanatics,Fanatics,178,178,$178,Buy Now,,https://www.fanaticscollect.com/fixed/3cbf73d4-64d8-11f0-a87e-0a58a9feac02,https://www.fanaticscollect.com/fixed/3cbf73d4-64d8-11f0-a87e-0a58a9feac02,combined_graded.xlsx,price_history.csv (2025-08-04),existing price_history.csv rate for date
2025-08-01,Mewtwo,超夢,CGC,8.5,CGC 8.5,337,10885,32.3,Fanatics,Fanatics,337,337,$337,Buy Now,,https://www.fanaticscollect.com/fixed/98de0224-55cf-11f0-a0ed-0a58a9feac02,https://www.fanaticscollect.com/fixed/98de0224-55cf-11f0-a0ed-0a58a9feac02,combined_graded.xlsx,price_history.csv (2025-08-01),existing price_history.csv rate for date
2025-07-27,Ivysaur,妙蛙草,PSA,10,PSA 10,396,12791,32.3,Fanatics,Fanatics,396,396,$396,Auction,,https://www.fanaticscollect.com/weekly/2d758338-6298-11f0-b11f-02afd2a02dab,https://www.fanaticscollect.com/weekly/2d758338-6298-11f0-b11f-02afd2a02dab,combined_graded.xlsx,price_history.csv (2025-07-27),existing price_history.csv rate for date
2025-07-20,Hitmonchan,快拳郎,CGC,8,CGC 8,103.2,3333,32.3,Fanatics,Fanatics,103.2,103.2,$103.20,Auction,,https://www.fanaticscollect.com/weekly/2fa99d50-5c1d-11f0-b04d-0a58a9feac02,https://www.fanaticscollect.com/weekly/2fa99d50-5c1d-11f0-b04d-0a58a9feac02,combined_graded.xlsx,price_history.csv (2025-07-20),existing price_history.csv rate for date
2025-07-06,Chansey,吉利蛋,CGC,8.5,CGC 8.5,186,6008,32.3,Fanatics,Fanatics,186,186,$186,Auction,,https://www.fanaticscollect.com/weekly/a1aa9516-5228-11f0-8a56-0a58a9feac02,https://www.fanaticscollect.com/weekly/a1aa9516-5228-11f0-8a56-0a58a9feac02,combined_graded.xlsx,price_history.csv (2025-07-06),existing price_history.csv rate for date
2025-07-06,Gyarados,暴鯉龍,CGC,8,CGC 8,204,6589,32.3,Fanatics,Fanatics,204,204,$204,Auction,,https://www.fanaticscollect.com/weekly/a20c8cd0-5228-11f0-b36d-0a58a9feac02,https://www.fanaticscollect.com/weekly/a20c8cd0-5228-11f0-b36d-0a58a9feac02,combined_graded.xlsx,price_history.csv (2025-07-06),existing price_history.csv rate for date
2025-07-06,Hitmonchan,快拳郎,CGC,8.5,CGC 8.5,100.8,3256,32.3,Fanatics,Fanatics,100.8,100.8,$100.80,Auction,,https://www.fanaticscollect.com/weekly/a207dabe-5228-11f0-9884-0a58a9feac02,https://www.fanaticscollect.com/weekly/a207dabe-5228-11f0-9884-0a58a9feac02,combined_graded.xlsx,price_history.csv (2025-07-06),existing price_history.csv rate for date
2025-07-06,Magneton,三磁怪,CGC,8.5,CGC 8.5,108,3488,32.3,Fanatics,Fanatics,108,108,$108,Auction,,https://www.fanaticscollect.com/weekly/a2113866-5228-11f0-abd5-0a58a9feac02,https://www.fanaticscollect.com/weekly/a2113866-5228-11f0-abd5-0a58a9feac02,combined_graded.xlsx,price_history.csv (2025-07-06),existing price_history.csv rate for date
2025-07-06,Mewtwo,超夢,CGC,8,CGC 8,186,6008,32.3,Fanatics,Fanatics,186,186,$186,Auction,,https://www.fanaticscollect.com/weekly/a1d48fa6-5228-11f0-9f73-0a58a9feac02,https://www.fanaticscollect.com/weekly/a1d48fa6-5228-11f0-9f73-0a58a9feac02,combined_graded.xlsx,price_history.csv (2025-07-06),existing price_history.csv rate for date
2025-07-06,Nidoking,尼多王,CGC,8,CGC 8,79.2,2558,32.3,Fanatics,Fanatics,79.2,79.2,$79.20,Auction,,https://www.fanaticscollect.com/weekly/a1635548-5228-11f0-aacc-0a58a9feac02,https://www.fanaticscollect.com/weekly/a1635548-5228-11f0-aacc-0a58a9feac02,combined_graded.xlsx,price_history.csv (2025-07-06),existing price_history.csv rate for date
2025-07-06,Ninetales,九尾,CGC,8,CGC 8,100.8,3256,32.3,Fanatics,Fanatics,100.8,100.8,$100.80,Auction,,https://www.fanaticscollect.com/weekly/a1a5b55a-5228-11f0-be99-0a58a9feac02,https://www.fanaticscollect.com/weekly/a1a5b55a-5228-11f0-be99-0a58a9feac02,combined_graded.xlsx,price_history.csv (2025-07-06),existing price_history.csv rate for date
2025-07-06,Venusaur,妙蛙花,CGC,8.5,CGC 8.5,324,10465,32.3,Fanatics,Fanatics,324,324,$324,Auction,,https://www.fanaticscollect.com/weekly/a1d01ed0-5228-11f0-ba7f-0a58a9feac02,https://www.fanaticscollect.com/weekly/a1d01ed0-5228-11f0-ba7f-0a58a9feac02,combined_graded.xlsx,price_history.csv (2025-07-06),existing price_history.csv rate for date
2025-07-04,Poliwrath,蚊香士,CGC,8.5,CGC 8.5,106,3424,32.3,Fanatics,Fanatics,106,106,$106,Buy Now,,https://www.fanaticscollect.com/fixed/9941c494-55cf-11f0-a2fc-0a58a9feac02,https://www.fanaticscollect.com/fixed/9941c494-55cf-11f0-a2fc-0a58a9feac02,combined_graded.xlsx,price_history.csv (2025-07-04),existing price_history.csv rate for date
2025-07-01,Zapdos,閃電鳥,CGC,8,CGC 8,131,4231,32.3,Fanatics,Fanatics,131,131,$131,Buy Now,,https://www.fanaticscollect.com/fixed/c2fb88ac-570e-11f0-b6e9-02abc3c0335b,https://www.fanaticscollect.com/fixed/c2fb88ac-570e-11f0-b6e9-02abc3c0335b,combined_graded.xlsx,price_history.csv (2025-07-01),existing price_history.csv rate for date
2025-06-29,Blastoise,水箭龜,CGC,8,CGC 8,456,14729,32.3,Fanatics,Fanatics,456,456,$456,Auction,,https://www.fanaticscollect.com/weekly/fafd4f1a-4fde-11f0-bf13-02cc51b85235,https://www.fanaticscollect.com/weekly/fafd4f1a-4fde-11f0-bf13-02cc51b85235,combined_graded.xlsx,price_history.csv (2025-06-29),existing price_history.csv rate for date
2025-06-29,Chansey,吉利蛋,CGC,8,CGC 8,174,5620,32.3,Fanatics,Fanatics,174,174,$174,Auction,,https://www.fanaticscollect.com/weekly/fabbdc2e-4fde-11f0-8cde-02cc51b85235,https://www.fanaticscollect.com/weekly/fabbdc2e-4fde-11f0-8cde-02cc51b85235,combined_graded.xlsx,price_history.csv (2025-06-29),existing price_history.csv rate for date
2025-06-29,Gyarados,暴鯉龍,CGC,8.5,CGC 8.5,264,8527,32.3,Fanatics,Fanatics,264,264,$264,Auction,,https://www.fanaticscollect.com/weekly/fb63a7d8-4fde-11f0-9d4a-02cc51b85235,https://www.fanaticscollect.com/weekly/fb63a7d8-4fde-11f0-9d4a-02cc51b85235,combined_graded.xlsx,price_history.csv (2025-06-29),existing price_history.csv rate for date
2025-06-29,Gyarados,暴鯉龍,CGC,8,CGC 8,228,7364,32.3,Fanatics,Fanatics,228,228,$228,Auction,,https://www.fanaticscollect.com/weekly/fb6740aa-4fde-11f0-8225-02cc51b85235,https://www.fanaticscollect.com/weekly/fb6740aa-4fde-11f0-8225-02cc51b85235,combined_graded.xlsx,price_history.csv (2025-06-29),existing price_history.csv rate for date
2025-06-29,Magneton,三磁怪,CGC,8.5,CGC 8.5,156,5039,32.3,Fanatics,Fanatics,156,156,$156,Auction,,https://www.fanaticscollect.com/weekly/fb72056c-4fde-11f0-be12-02cc51b85235,https://www.fanaticscollect.com/weekly/fb72056c-4fde-11f0-be12-02cc51b85235,combined_graded.xlsx,price_history.csv (2025-06-29),existing price_history.csv rate for date
2025-06-29,Mewtwo,超夢,CGC,8,CGC 8,228,7364,32.3,Fanatics,Fanatics,228,228,$228,Auction,,https://www.fanaticscollect.com/weekly/fb042fc4-4fde-11f0-a814-02cc51b85235,https://www.fanaticscollect.com/weekly/fb042fc4-4fde-11f0-a814-02cc51b85235,combined_graded.xlsx,price_history.csv (2025-06-29),existing price_history.csv rate for date
2025-06-29,Mewtwo,超夢,CGC,9,CGC 9,360,11628,32.3,Fanatics,Fanatics,360,360,$360,Auction,,https://www.fanaticscollect.com/weekly/faef653a-4fde-11f0-a810-02cc51b85235,https://www.fanaticscollect.com/weekly/faef653a-4fde-11f0-a810-02cc51b85235,combined_graded.xlsx,price_history.csv (2025-06-29),existing price_history.csv rate for date
2025-06-29,Mewtwo,超夢,CGC,8.5,CGC 8.5,264,8527,32.3,Fanatics,Fanatics,264,264,$264,Auction,,https://www.fanaticscollect.com/weekly/fb00c44c-4fde-11f0-b79b-02cc51b85235,https://www.fanaticscollect.com/weekly/fb00c44c-4fde-11f0-b79b-02cc51b85235,combined_graded.xlsx,price_history.csv (2025-06-29),existing price_history.csv rate for date
2025-06-29,Nidoking,尼多王,CGC,9,CGC 9,180,5814,32.3,Fanatics,Fanatics,180,180,$180,Auction,,https://www.fanaticscollect.com/weekly/fa68a39c-4fde-11f0-b447-02cc51b85235,https://www.fanaticscollect.com/weekly/fa68a39c-4fde-11f0-b447-02cc51b85235,combined_graded.xlsx,price_history.csv (2025-06-29),existing price_history.csv rate for date
2025-06-29,Ninetales,九尾,CGC,8.5,CGC 8.5,103.2,3333,32.3,Fanatics,Fanatics,103.2,103.2,$103.20,Auction,,https://www.fanaticscollect.com/weekly/fadac5bc-4fde-11f0-a8f6-02cc51b85235,https://www.fanaticscollect.com/weekly/fadac5bc-4fde-11f0-a8f6-02cc51b85235,combined_graded.xlsx,price_history.csv (2025-06-29),existing price_history.csv rate for date
2025-06-29,Poliwrath,蚊香士,CGC,8.5,CGC 8.5,120,3876,32.3,Fanatics,Fanatics,120,120,$120,Auction,,https://www.fanaticscollect.com/weekly/fad74090-4fde-11f0-92c5-02cc51b85235,https://www.fanaticscollect.com/weekly/fad74090-4fde-11f0-92c5-02cc51b85235,combined_graded.xlsx,price_history.csv (2025-06-29),existing price_history.csv rate for date
2025-06-29,Poliwrath,蚊香士,CGC,8.5,CGC 8.5,88.8,2868,32.3,Fanatics,Fanatics,88.8,88.8,$88.80,Auction,,https://www.fanaticscollect.com/weekly/fa653b44-4fde-11f0-9559-02cc51b85235,https://www.fanaticscollect.com/weekly/fa653b44-4fde-11f0-9559-02cc51b85235,combined_graded.xlsx,price_history.csv (2025-06-29),existing price_history.csv rate for date
2025-06-29,Raichu,雷丘,CGC,8,CGC 8,144,4651,32.3,Fanatics,Fanatics,144,144,$144,Auction,,https://www.fanaticscollect.com/weekly/faebedec-4fde-11f0-8245-02cc51b85235,https://www.fanaticscollect.com/weekly/faebedec-4fde-11f0-8245-02cc51b85235,combined_graded.xlsx,price_history.csv (2025-06-29),existing price_history.csv rate for date
2025-06-29,Raichu,雷丘,CGC,9,CGC 9,360,11628,32.3,Fanatics,Fanatics,360,360,$360,Auction,,https://www.fanaticscollect.com/weekly/fabf9ac6-4fde-11f0-bcc5-02cc51b85235,https://www.fanaticscollect.com/weekly/fabf9ac6-4fde-11f0-bcc5-02cc51b85235,combined_graded.xlsx,price_history.csv (2025-06-29),existing price_history.csv rate for date
2025-06-29,Venusaur,妙蛙花,CGC,8.5,CGC 8.5,360,11628,32.3,Fanatics,Fanatics,360,360,$360,Auction,,https://www.fanaticscollect.com/weekly/faf9f4c8-4fde-11f0-817c-02cc51b85235,https://www.fanaticscollect.com/weekly/faf9f4c8-4fde-11f0-817c-02cc51b85235,combined_graded.xlsx,price_history.csv (2025-06-29),existing price_history.csv rate for date
2025-06-29,Venusaur,妙蛙花,CGC,8,CGC 8,360,11628,32.3,Fanatics,Fanatics,360,360,$360,Auction,,https://www.fanaticscollect.com/weekly/faf67b0e-4fde-11f0-85ae-02cc51b85235,https://www.fanaticscollect.com/weekly/faf67b0e-4fde-11f0-85ae-02cc51b85235,combined_graded.xlsx,price_history.csv (2025-06-29),existing price_history.csv rate for date
2025-06-29,Zapdos,閃電鳥,CGC,8,CGC 8,110.4,3566,32.3,Fanatics,Fanatics,110.4,110.4,$110.40,Auction,,https://www.fanaticscollect.com/weekly/fb6aed36-4fde-11f0-9da8-02cc51b85235,https://www.fanaticscollect.com/weekly/fb6aed36-4fde-11f0-9da8-02cc51b85235,combined_graded.xlsx,price_history.csv (2025-06-29),existing price_history.csv rate for date
2025-06-29,Zapdos,閃電鳥,CGC,8,CGC 8,115.2,3721,32.3,Fanatics,Fanatics,115.2,115.2,$115.20,Auction,,https://www.fanaticscollect.com/weekly/fb6e80b8-4fde-11f0-aba4-02cc51b85235,https://www.fanaticscollect.com/weekly/fb6e80b8-4fde-11f0-aba4-02cc51b85235,combined_graded.xlsx,price_history.csv (2025-06-29),existing price_history.csv rate for date
2025-06-22,Alakazam,胡地,CGC,8.5,CGC 8.5,264,8527,32.3,Fanatics,Fanatics,264,264,$264,Auction,,https://www.fanaticscollect.com/weekly/bdf2cbaa-4c95-11f0-95ec-0a58a9feac02,https://www.fanaticscollect.com/weekly/bdf2cbaa-4c95-11f0-95ec-0a58a9feac02,combined_graded.xlsx,price_history.csv (2025-06-22),existing price_history.csv rate for date
2025-06-22,Alakazam,胡地,CGC,8.5,CGC 8.5,252,8140,32.3,Fanatics,Fanatics,252,252,$252,Auction,,https://www.fanaticscollect.com/weekly/bd620a5c-4c95-11f0-944a-0a58a9feac02,https://www.fanaticscollect.com/weekly/bd620a5c-4c95-11f0-944a-0a58a9feac02,combined_graded.xlsx,price_history.csv (2025-06-22),existing price_history.csv rate for date
2025-06-22,Blastoise,水箭龜,CGC,8,CGC 8,372,12016,32.3,Fanatics,Fanatics,372,372,$372,Auction,,https://www.fanaticscollect.com/weekly/bda5f2e4-4c95-11f0-a6dc-0a58a9feac02,https://www.fanaticscollect.com/weekly/bda5f2e4-4c95-11f0-a6dc-0a58a9feac02,combined_graded.xlsx,price_history.csv (2025-06-22),existing price_history.csv rate for date
2025-06-22,Blastoise,水箭龜,CGC,9,CGC 9,660,21318,32.3,Fanatics,Fanatics,660,660,$660,Auction,,https://www.fanaticscollect.com/weekly/93589af6-4c94-11f0-b7af-0249ef7c0063,https://www.fanaticscollect.com/weekly/93589af6-4c94-11f0-b7af-0249ef7c0063,combined_graded.xlsx,price_history.csv (2025-06-22),existing price_history.csv rate for date
2025-06-22,Chansey,吉利蛋,CGC,8,CGC 8,186,6008,32.3,Fanatics,Fanatics,186,186,$186,Auction,,https://www.fanaticscollect.com/weekly/bd5e9dae-4c95-11f0-b57a-0a58a9feac02,https://www.fanaticscollect.com/weekly/bd5e9dae-4c95-11f0-b57a-0a58a9feac02,combined_graded.xlsx,price_history.csv (2025-06-22),existing price_history.csv rate for date
2025-06-22,Hitmonchan,快拳郎,CGC,8,CGC 8,56.4,1822,32.3,Fanatics,Fanatics,56.4,56.4,$56.40,Auction,,https://www.fanaticscollect.com/weekly/bde8a314-4c95-11f0-8939-0a58a9feac02,https://www.fanaticscollect.com/weekly/bde8a314-4c95-11f0-8939-0a58a9feac02,combined_graded.xlsx,price_history.csv (2025-06-22),existing price_history.csv rate for date
2025-06-22,Magneton,三磁怪,CGC,8.5,CGC 8.5,174,5620,32.3,Fanatics,Fanatics,174,174,$174,Auction,,https://www.fanaticscollect.com/weekly/bdf633b2-4c95-11f0-b004-0a58a9feac02,https://www.fanaticscollect.com/weekly/bdf633b2-4c95-11f0-b004-0a58a9feac02,combined_graded.xlsx,price_history.csv (2025-06-22),existing price_history.csv rate for date
2025-06-22,Nidoking,尼多王,CGC,9,CGC 9,210,6783,32.3,Fanatics,Fanatics,210,210,$210,Auction,,https://www.fanaticscollect.com/weekly/bd3adbc6-4c95-11f0-b4a3-0a58a9feac02,https://www.fanaticscollect.com/weekly/bd3adbc6-4c95-11f0-b4a3-0a58a9feac02,combined_graded.xlsx,price_history.csv (2025-06-22),existing price_history.csv rate for date
2025-06-22,Nidoking,尼多王,CGC,7.5,CGC 7.5,67.2,2171,32.3,Fanatics,Fanatics,67.2,67.2,$67.20,Auction,,https://www.fanaticscollect.com/weekly/bd2fd3fc-4c95-11f0-ae3f-0a58a9feac02,https://www.fanaticscollect.com/weekly/bd2fd3fc-4c95-11f0-ae3f-0a58a9feac02,combined_graded.xlsx,price_history.csv (2025-06-22),existing price_history.csv rate for date
2025-06-22,Ninetales,九尾,CGC,8.5,CGC 8.5,117.6,3798,32.3,Fanatics,Fanatics,117.6,117.6,$117.60,Auction,,https://www.fanaticscollect.com/weekly/bd65cde0-4c95-11f0-ba27-0a58a9feac02,https://www.fanaticscollect.com/weekly/bd65cde0-4c95-11f0-ba27-0a58a9feac02,combined_graded.xlsx,price_history.csv (2025-06-22),existing price_history.csv rate for date
2025-06-22,Poliwrath,蚊香士,CGC,8.5,CGC 8.5,120,3876,32.3,Fanatics,Fanatics,120,120,$120,Auction,,https://www.fanaticscollect.com/weekly/bdf99660-4c95-11f0-86c6-0a58a9feac02,https://www.fanaticscollect.com/weekly/bdf99660-4c95-11f0-86c6-0a58a9feac02,combined_graded.xlsx,price_history.csv (2025-06-22),existing price_history.csv rate for date
2025-06-22,Poliwrath,蚊香士,CGC,8,CGC 8,103.2,3333,32.3,Fanatics,Fanatics,103.2,103.2,$103.20,Auction,,https://www.fanaticscollect.com/weekly/bd371522-4c95-11f0-a8f0-0a58a9feac02,https://www.fanaticscollect.com/weekly/bd371522-4c95-11f0-a8f0-0a58a9feac02,combined_graded.xlsx,price_history.csv (2025-06-22),existing price_history.csv rate for date
2025-06-22,Raichu,雷丘,CGC,8.5,CGC 8.5,174,5620,32.3,Fanatics,Fanatics,174,174,$174,Auction,,https://www.fanaticscollect.com/weekly/bd916932-4c95-11f0-a8e0-0a58a9feac02,https://www.fanaticscollect.com/weekly/bd916932-4c95-11f0-a8e0-0a58a9feac02,combined_graded.xlsx,price_history.csv (2025-06-22),existing price_history.csv rate for date
2025-06-22,Raichu,雷丘,CGC,8,CGC 8,98.4,3178,32.3,Fanatics,Fanatics,98.4,98.4,$98.40,Auction,,https://www.fanaticscollect.com/weekly/bd94d27a-4c95-11f0-957d-0a58a9feac02,https://www.fanaticscollect.com/weekly/bd94d27a-4c95-11f0-957d-0a58a9feac02,combined_graded.xlsx,price_history.csv (2025-06-22),existing price_history.csv rate for date
2025-06-22,Venusaur,妙蛙花,CGC,8.5,CGC 8.5,336,10853,32.3,Fanatics,Fanatics,336,336,$336,Auction,,https://www.fanaticscollect.com/weekly/bda26dc2-4c95-11f0-bdd8-0a58a9feac02,https://www.fanaticscollect.com/weekly/bda26dc2-4c95-11f0-bdd8-0a58a9feac02,combined_graded.xlsx,price_history.csv (2025-06-22),existing price_history.csv rate for date
2025-06-22,Zapdos,閃電鳥,CGC,9,CGC 9,198,6395,32.3,Fanatics,Fanatics,198,198,$198,Auction,,https://www.fanaticscollect.com/weekly/bdec10e4-4c95-11f0-853e-0a58a9feac02,https://www.fanaticscollect.com/weekly/bdec10e4-4c95-11f0-853e-0a58a9feac02,combined_graded.xlsx,price_history.csv (2025-06-22),existing price_history.csv rate for date
2025-06-22,Zapdos,閃電鳥,CGC,8,CGC 8,74.4,2403,32.3,Fanatics,Fanatics,74.4,74.4,$74.40,Auction,,https://www.fanaticscollect.com/weekly/bdef74fa-4c95-11f0-8e33-0a58a9feac02,https://www.fanaticscollect.com/weekly/bdef74fa-4c95-11f0-8e33-0a58a9feac02,combined_graded.xlsx,price_history.csv (2025-06-22),existing price_history.csv rate for date
2025-05-18,Charmander,小火龍,CGC,10,CGC 10,186,6008,32.3,Fanatics,Fanatics,186,186,$186,Auction,,https://www.fanaticscollect.com/weekly/243447a6-26f6-11f0-b54d-0a58a9feac02,https://www.fanaticscollect.com/weekly/243447a6-26f6-11f0-b54d-0a58a9feac02,combined_graded.xlsx,price_history.csv (2025-05-18),existing price_history.csv rate for date
2025-05-11,Charmeleon,火恐龍,PSA,10,PSA 10,210,6783,32.3,Fanatics,Fanatics,210,210,$210,Auction,,https://www.fanaticscollect.com/weekly/2434e198-26f6-11f0-aa98-0a58a9feac02,https://www.fanaticscollect.com/weekly/2434e198-26f6-11f0-aa98-0a58a9feac02,combined_graded.xlsx,price_history.csv (2025-05-11),existing price_history.csv rate for date
2025-05-11,Wartortle,卡咪龜,PSA,10,PSA 10,174,5620,32.3,Fanatics,Fanatics,174,174,$174,Auction,,https://www.fanaticscollect.com/weekly/24365f32-26f6-11f0-ba0c-0a58a9feac02,https://www.fanaticscollect.com/weekly/24365f32-26f6-11f0-ba0c-0a58a9feac02,combined_graded.xlsx,price_history.csv (2025-05-11),existing price_history.csv rate for date
2025-05-11,Wartortle,卡咪龜,PSA,10,PSA 10,168,5426,32.3,Fanatics,Fanatics,168,168,$168,Auction,,https://www.fanaticscollect.com/weekly/243858aa-26f6-11f0-91cd-0a58a9feac02,https://www.fanaticscollect.com/weekly/243858aa-26f6-11f0-91cd-0a58a9feac02,combined_graded.xlsx,price_history.csv (2025-05-11),existing price_history.csv rate for date
2024-11-03,Venusaur,妙蛙花,CGC,8,CGC 8,198,6395,32.3,Fanatics,Fanatics,198,198,$198,Auction,,https://www.fanaticscollect.com/weekly/e3cef626-8f41-11ef-90af-0a58a9feac02,https://www.fanaticscollect.com/weekly/e3cef626-8f41-11ef-90af-0a58a9feac02,combined_graded.xlsx,price_history.csv (2024-11-03),existing price_history.csv rate for date
2024-10-13,Pikachu,皮卡丘,CGC,9.5,CGC 9.5,105.6,3379,32,Fanatics,Fanatics,105.6,105.6,$105.60,Auction,,https://www.fanaticscollect.com/weekly/b8ed6bf8-7548-11ef-ac66-0a772ffff55d,https://www.fanaticscollect.com/weekly/b8ed6bf8-7548-11ef-ac66-0a772ffff55d,combined_graded.xlsx,price_history.csv (2024-10-13),existing price_history.csv rate for date
2024-09-22,Charizard,噴火龍,PSA,5,PSA 5,1470,47040,32,Fanatics,Fanatics,1470,1470,"$1,470",Auction,Auction,https://www.fanaticscollect.com/weekly/8f38f9aa-7186-11ef-9a4a-0a58a9feac02,https://www.fanaticscollect.com/weekly/8f38f9aa-7186-11ef-9a4a-0a58a9feac02,combined_graded.xlsx,price_history.csv (2024-09-22),existing price_history.csv rate for date
2024-09-08,Pikachu,皮卡丘,CGC,10,CGC 10,480,15360,32,Fanatics,Fanatics,480,480,$480,Auction,,https://www.fanaticscollect.com/weekly/7c9f1954-625f-11ef-a786-0acd9ee9f3a3,https://www.fanaticscollect.com/weekly/7c9f1954-625f-11ef-a786-0acd9ee9f3a3,combined_graded.xlsx,price_history.csv (2024-09-08),existing price_history.csv rate for date
2024-07-22,Magikarp,鯉魚王,CGC,9,CGC 9,16.8,546,32.5,Fanatics,Fanatics,16.8,16.8,$16.80,Auction,,https://www.fanaticscollect.com/weekly/80e7415a-439f-11ef-8534-0a58a9feac02,https://www.fanaticscollect.com/weekly/80e7415a-439f-11ef-8534-0a58a9feac02,combined_graded.xlsx,price_history.csv (2024-07-22),existing price_history.csv rate for date
2024-07-21,Blastoise,水箭龜,PSA,9,PSA MINT 9,1515.24,49245,32.5,Goldin,Goldin,1515.24,1515.24,"$1,515.24 USD",Auction,Auction,https://goldin.co/item/2000-pokemon-chinese-1st-edition-holo-2-blastoise-psa-mint-9a9jlp,https://goldin.co/item/2000-pokemon-chinese-1st-edition-holo-2-blastoise-psa-mint-9a9jlp,combined_graded.xlsx,price_history.csv (2024-07-21),existing price_history.csv rate for date
2024-07-21,Venusaur,妙蛙花,PSA,8,PSA NM-MT 8,348.92,11340,32.5,Goldin,Goldin,348.92,348.92,$348.92 USD,Auction,,https://goldin.co/item/2000-pokemon-chinese-1st-edition-holo-15-venusaur-psa-nm-mt-8l9xcc,https://goldin.co/item/2000-pokemon-chinese-1st-edition-holo-15-venusaur-psa-nm-mt-8l9xcc,combined_graded.xlsx,price_history.csv (2024-07-21),existing price_history.csv rate for date
2024-07-14,Charmander,小火龍,CGC,8.5,CGC 8.5,15.6,507,32.5,Fanatics,Fanatics,15.6,15.6,$15.60,Auction,,https://www.fanaticscollect.com/weekly/4788952e-3c8a-11ef-a504-06ad425e7b71,https://www.fanaticscollect.com/weekly/4788952e-3c8a-11ef-a504-06ad425e7b71,combined_graded.xlsx,price_history.csv (2024-07-14),existing price_history.csv rate for date
2024-06-30,Alakazam,胡地,CGC,7.5,CGC 7.5,103.2,3333,32.3,Fanatics,Fanatics,103.2,103.2,$103.20,Auction,,https://www.fanaticscollect.com/weekly/6ae1804c-21f7-11ef-bad2-02f48d337893,https://www.fanaticscollect.com/weekly/6ae1804c-21f7-11ef-bad2-02f48d337893,combined_graded.xlsx,price_history.csv (2024-06-30),existing price_history.csv rate for date
2024-06-30,Blastoise,水箭龜,CGC,7.5,CGC 7.5,234,7558,32.3,Fanatics,Fanatics,234,234,$234,Auction,,https://www.fanaticscollect.com/weekly/6ae28140-21f7-11ef-a5c0-02f48d337893,https://www.fanaticscollect.com/weekly/6ae28140-21f7-11ef-a5c0-02f48d337893,combined_graded.xlsx,price_history.csv (2024-06-30),existing price_history.csv rate for date
2024-06-30,Chansey,吉利蛋,CGC,7,CGC 7,79.2,2558,32.3,Fanatics,Fanatics,79.2,79.2,$79.20,Auction,,https://www.fanaticscollect.com/weekly/6ae2f706-21f7-11ef-b9ec-02f48d337893,https://www.fanaticscollect.com/weekly/6ae2f706-21f7-11ef-b9ec-02f48d337893,combined_graded.xlsx,price_history.csv (2024-06-30),existing price_history.csv rate for date
2024-06-30,Gyarados,暴鯉龍,CGC,7.5,CGC 7.5,103.2,3333,32.3,Fanatics,Fanatics,103.2,103.2,$103.20,Auction,,https://www.fanaticscollect.com/weekly/6ae3fdfe-21f7-11ef-8e11-02f48d337893,https://www.fanaticscollect.com/weekly/6ae3fdfe-21f7-11ef-8e11-02f48d337893,combined_graded.xlsx,price_history.csv (2024-06-30),existing price_history.csv rate for date
2024-06-30,Hitmonchan,快拳郎,CGC,7,CGC 7,62.4,2016,32.3,Fanatics,Fanatics,62.4,62.4,$62.40,Auction,,https://www.fanaticscollect.com/weekly/6ae46f64-21f7-11ef-858b-02f48d337893,https://www.fanaticscollect.com/weekly/6ae46f64-21f7-11ef-858b-02f48d337893,combined_graded.xlsx,price_history.csv (2024-06-30),existing price_history.csv rate for date
2024-06-30,Machamp,怪力,CGC,9,CGC 9,156,5039,32.3,Fanatics,Fanatics,156,156,$156,Auction,,https://www.fanaticscollect.com/weekly/6ae4defe-21f7-11ef-b8ae-02f48d337893,https://www.fanaticscollect.com/weekly/6ae4defe-21f7-11ef-b8ae-02f48d337893,combined_graded.xlsx,price_history.csv (2024-06-30),existing price_history.csv rate for date
2024-06-30,Magneton,三磁怪,CGC,8,CGC 8,88.8,2868,32.3,Fanatics,Fanatics,88.8,88.8,$88.80,Auction,,https://www.fanaticscollect.com/weekly/6ae54d94-21f7-11ef-a833-02f48d337893,https://www.fanaticscollect.com/weekly/6ae54d94-21f7-11ef-a833-02f48d337893,combined_graded.xlsx,price_history.csv (2024-06-30),existing price_history.csv rate for date
2024-06-30,Mewtwo,超夢,CGC,9,CGC 9,276,8915,32.3,Fanatics,Fanatics,276,276,$276,Auction,,https://www.fanaticscollect.com/weekly/6ae5c59e-21f7-11ef-b145-02f48d337893,https://www.fanaticscollect.com/weekly/6ae5c59e-21f7-11ef-b145-02f48d337893,combined_graded.xlsx,price_history.csv (2024-06-30),existing price_history.csv rate for date
2024-06-30,Nidoking,尼多王,CGC,7.5,CGC 7.5,72,2326,32.3,Fanatics,Fanatics,72,72,$72,Auction,,https://www.fanaticscollect.com/weekly/6ae62f8e-21f7-11ef-96d2-02f48d337893,https://www.fanaticscollect.com/weekly/6ae62f8e-21f7-11ef-96d2-02f48d337893,combined_graded.xlsx,price_history.csv (2024-06-30),existing price_history.csv rate for date
2024-06-30,Ninetales,九尾,CGC,7.5,CGC 7.5,74.4,2403,32.3,Fanatics,Fanatics,74.4,74.4,$74.40,Auction,,https://www.fanaticscollect.com/weekly/6ae69cc6-21f7-11ef-af25-02f48d337893,https://www.fanaticscollect.com/weekly/6ae69cc6-21f7-11ef-af25-02f48d337893,combined_graded.xlsx,price_history.csv (2024-06-30),existing price_history.csv rate for date
2024-06-30,Poliwrath,蚊香士,CGC,7.5,CGC 7.5,62.4,2016,32.3,Fanatics,Fanatics,62.4,62.4,$62.40,Auction,,https://www.fanaticscollect.com/weekly/6ae70efe-21f7-11ef-a16b-02f48d337893,https://www.fanaticscollect.com/weekly/6ae70efe-21f7-11ef-a16b-02f48d337893,combined_graded.xlsx,price_history.csv (2024-06-30),existing price_history.csv rate for date
2024-06-30,Raichu,雷丘,CGC,7.5,CGC 7.5,88.8,2868,32.3,Fanatics,Fanatics,88.8,88.8,$88.80,Auction,,https://www.fanaticscollect.com/weekly/6ae77a88-21f7-11ef-b343-02f48d337893,https://www.fanaticscollect.com/weekly/6ae77a88-21f7-11ef-b343-02f48d337893,combined_graded.xlsx,price_history.csv (2024-06-30),existing price_history.csv rate for date
2024-06-30,Venusaur,妙蛙花,CGC,7,CGC 7,192,6202,32.3,Fanatics,Fanatics,192,192,$192,Auction,,https://www.fanaticscollect.com/weekly/6ae7e914-21f7-11ef-9f19-02f48d337893,https://www.fanaticscollect.com/weekly/6ae7e914-21f7-11ef-9f19-02f48d337893,combined_graded.xlsx,price_history.csv (2024-06-30),existing price_history.csv rate for date
2024-06-30,Zapdos,閃電鳥,CGC,8,CGC 8,100.8,3256,32.3,Fanatics,Fanatics,100.8,100.8,$100.80,Auction,,https://www.fanaticscollect.com/weekly/6ae852b4-21f7-11ef-8cf0-02f48d337893,https://www.fanaticscollect.com/weekly/6ae852b4-21f7-11ef-8cf0-02f48d337893,combined_graded.xlsx,price_history.csv (2024-06-30),existing price_history.csv rate for date
2024-06-23,Pikachu,皮卡丘,PSA,8,PSA 8,49.2,1589,32.3,Fanatics,Fanatics,49.2,49.2,$49.20,Auction,,https://www.fanaticscollect.com/weekly/cf3ebfd0-254b-11ef-a3a5-0aba10a19509,https://www.fanaticscollect.com/weekly/cf3ebfd0-254b-11ef-a3a5-0aba10a19509,combined_graded.xlsx,price_history.csv (2024-06-23),existing price_history.csv rate for date
2024-05-19,Bulbasaur,妙蛙種子,PSA,9,PSA 9,44.4,1434,32.3,Fanatics,Fanatics,44.4,44.4,$44.40,Auction,,https://www.fanaticscollect.com/weekly/6b6217ea-08be-11ef-bfda-0a58a9feac02,https://www.fanaticscollect.com/weekly/6b6217ea-08be-11ef-bfda-0a58a9feac02,combined_graded.xlsx,price_history.csv (2024-05-19),existing price_history.csv rate for date
2024-05-19,Charmeleon,火恐龍,PSA,9,PSA 9,55.2,1783,32.3,Fanatics,Fanatics,55.2,55.2,$55.20,Auction,,https://www.fanaticscollect.com/weekly/6bb95bae-08be-11ef-a5a3-0a58a9feac02,https://www.fanaticscollect.com/weekly/6bb95bae-08be-11ef-a5a3-0a58a9feac02,combined_graded.xlsx,price_history.csv (2024-05-19),existing price_history.csv rate for date
2024-05-19,Wartortle,卡咪龜,PSA,9,PSA 9,25.2,814,32.3,Fanatics,Fanatics,25.2,25.2,$25.20,Auction,,https://www.fanaticscollect.com/weekly/6c6b9c88-08be-11ef-a1d7-0a58a9feac02,https://www.fanaticscollect.com/weekly/6c6b9c88-08be-11ef-a1d7-0a58a9feac02,combined_graded.xlsx,price_history.csv (2024-05-19),existing price_history.csv rate for date
2024-05-05,Pikachu,皮卡丘,CGC,9,CGC 9,43.2,1382,32,Fanatics,Fanatics,43.2,43.2,$43.20,Auction,,https://www.fanaticscollect.com/weekly/0f89f1d4-04f1-11ef-a071-0ab4c3a19dad,https://www.fanaticscollect.com/weekly/0f89f1d4-04f1-11ef-a071-0ab4c3a19dad,combined_graded.xlsx,price_history.csv (2024-05-05),existing price_history.csv rate for date
2024-04-21,Magneton,三磁怪,PSA,8,PSA 8,62.4,2016,32.3,Fanatics,Fanatics,62.4,62.4,$62.40,Auction,,https://www.fanaticscollect.com/weekly/f847a830-ecff-11ee-91bc-0646c7118d15,https://www.fanaticscollect.com/weekly/f847a830-ecff-11ee-91bc-0646c7118d15,combined_graded.xlsx,price_history.csv (2024-04-21),existing price_history.csv rate for date
2024-04-21,Mewtwo,超夢,PSA,9,PSA 9,576,18605,32.3,Fanatics,Fanatics,576,576,$576,Auction,,https://www.fanaticscollect.com/weekly/f84b04ee-ecff-11ee-aa86-0646c7118d15,https://www.fanaticscollect.com/weekly/f84b04ee-ecff-11ee-aa86-0646c7118d15,combined_graded.xlsx,price_history.csv (2024-04-21),existing price_history.csv rate for date
2024-04-21,Ninetales,九尾,PSA,8,PSA 8,112.8,3643,32.3,Fanatics,Fanatics,112.8,112.8,$112.80,Auction,,https://www.fanaticscollect.com/weekly/f83f8a88-ecff-11ee-a10f-0646c7118d15,https://www.fanaticscollect.com/weekly/f83f8a88-ecff-11ee-a10f-0646c7118d15,combined_graded.xlsx,price_history.csv (2024-04-21),existing price_history.csv rate for date
2024-03-24,Charmander,小火龍,CGC,8.5,CGC 8.5,19.2,605,31.5,Fanatics,Fanatics,19.2,19.2,$19.20,Auction,,https://www.fanaticscollect.com/weekly/20e2b2c2-dd73-11ee-9b0c-0a58a9feac02,https://www.fanaticscollect.com/weekly/20e2b2c2-dd73-11ee-9b0c-0a58a9feac02,combined_graded.xlsx,price_history.csv (2024-03-24),existing price_history.csv rate for date
2024-03-10,Charmander,小火龍,CGC,9,CGC 9,19.2,605,31.5,Fanatics,Fanatics,19.2,19.2,$19.20,Auction,,https://www.fanaticscollect.com/weekly/ba7ed1a8-d513-11ee-b305-06caa0bee9bf,https://www.fanaticscollect.com/weekly/ba7ed1a8-d513-11ee-b305-06caa0bee9bf,combined_graded.xlsx,price_history.csv (2024-03-10),existing price_history.csv rate for date
2024-03-10,Magikarp,鯉魚王,CGC,9,CGC 9,13.2,416,31.5,Fanatics,Fanatics,13.2,13.2,$13.20,Auction,,https://www.fanaticscollect.com/weekly/abf5abf2-d513-11ee-af4e-06caa0bee9bf,https://www.fanaticscollect.com/weekly/abf5abf2-d513-11ee-af4e-06caa0bee9bf,combined_graded.xlsx,price_history.csv (2024-03-10),existing price_history.csv rate for date
2024-03-10,Pikachu,皮卡丘,CGC,9.5,CGC 9.5,76.8,2419,31.5,Fanatics,Fanatics,76.8,76.8,$76.80,Auction,,https://www.fanaticscollect.com/weekly/beaff6b2-d513-11ee-ab40-06caa0bee9bf,https://www.fanaticscollect.com/weekly/beaff6b2-d513-11ee-ab40-06caa0bee9bf,combined_graded.xlsx,price_history.csv (2024-03-10),existing price_history.csv rate for date
2024-02-11,Bulbasaur,妙蛙種子,CGC,9,CGC 9,84,2713,32.3,Fanatics,Fanatics,84,84,$84,Auction,,https://www.fanaticscollect.com/weekly/be7a8e9c-befb-11ee-8875-0a58a9feac02,https://www.fanaticscollect.com/weekly/be7a8e9c-befb-11ee-8875-0a58a9feac02,combined_graded.xlsx,price_history.csv (2024-02-11),existing price_history.csv rate for date
2024-01-14,Charmander,小火龍,PSA,8,PSA 8,27.6,891,32.3,Fanatics,Fanatics,27.6,27.6,$27.60,Auction,,https://www.fanaticscollect.com/weekly/d9192710-ab35-11ee-ad44-0af614176b57,https://www.fanaticscollect.com/weekly/d9192710-ab35-11ee-ad44-0af614176b57,combined_graded.xlsx,price_history.csv (2024-01-14),existing price_history.csv rate for date
2024-01-14,Squirtle,傑尼龜,PSA,9,PSA 9,56.4,1822,32.3,Fanatics,Fanatics,56.4,56.4,$56.40,Auction,,https://www.fanaticscollect.com/weekly/d899acb0-ab35-11ee-bf8f-0af614176b57,https://www.fanaticscollect.com/weekly/d899acb0-ab35-11ee-bf8f-0af614176b57,combined_graded.xlsx,price_history.csv (2024-01-14),existing price_history.csv rate for date
2023-12-10,Nidoking,尼多王,CGC,4,CGC 4,44.4,1399,31.5,Fanatics,Fanatics,44.4,44.4,$44.40,Auction,,https://www.fanaticscollect.com/weekly/1a9fe0ea-83c5-11ee-8668-0a58a9feac02,https://www.fanaticscollect.com/weekly/1a9fe0ea-83c5-11ee-8668-0a58a9feac02,combined_graded.xlsx,price_history.csv (2023-12-10),existing price_history.csv rate for date
2023-08-17,Wartortle,卡咪龜,PSA,9,PSA 9,80,2520,31.5,Fanatics,Fanatics,80,80,$80,Buy Now,,https://www.fanaticscollect.com/fixed/7162851e-8596-11ed-9a33-0a5a88780b2b,https://www.fanaticscollect.com/fixed/7162851e-8596-11ed-9a33-0a5a88780b2b,combined_graded.xlsx,price_history.csv (2023-08-17),existing price_history.csv rate for date
2023-08-13,Magneton,三磁怪,PSA,8,PSA 8,112.8,3553,31.5,Fanatics,Fanatics,112.8,112.8,$112.80,Auction,,https://www.fanaticscollect.com/weekly/2a4cfb8c-3068-11ee-bb5d-0a0499cdfef5,https://www.fanaticscollect.com/weekly/2a4cfb8c-3068-11ee-bb5d-0a0499cdfef5,combined_graded.xlsx,price_history.csv (2023-08-13),existing price_history.csv rate for date
2023-08-06,Magneton,三磁怪,PSA,8,PSA 8,103.2,3251,31.5,Fanatics,Fanatics,103.2,103.2,$103.20,Auction,,https://www.fanaticscollect.com/weekly/6e3148a4-22cf-11ee-b1af-02960c628fc7,https://www.fanaticscollect.com/weekly/6e3148a4-22cf-11ee-b1af-02960c628fc7,combined_graded.xlsx,price_history.csv (2023-08-06),existing price_history.csv rate for date
2023-08-06,Poliwrath,蚊香士,PSA,8,PSA 8,103.2,3251,31.5,Fanatics,Fanatics,103.2,103.2,$103.20,Auction,,https://www.fanaticscollect.com/weekly/6e36ce82-22cf-11ee-b06f-02960c628fc7,https://www.fanaticscollect.com/weekly/6e36ce82-22cf-11ee-b06f-02960c628fc7,combined_graded.xlsx,price_history.csv (2023-08-06),existing price_history.csv rate for date
2023-08-04,Pikachu,皮卡丘,PSA,6,PSA 6,55,1733,31.5,Fanatics,Fanatics,55,55,$55,Buy Now,,https://www.fanaticscollect.com/fixed/f7590528-316f-11ee-9faf-0a58a9feac02,https://www.fanaticscollect.com/fixed/f7590528-316f-11ee-9faf-0a58a9feac02,combined_graded.xlsx,price_history.csv (2023-08-04),existing price_history.csv rate for date
2023-04-02,Wartortle,卡咪龜,CGC,8.5,CGC 8.5,18,558,31,Fanatics,Fanatics,18,18,$18,Auction,,https://www.fanaticscollect.com/weekly/8e125b0a-b2ee-11ed-b902-02ff6050fc7d,https://www.fanaticscollect.com/weekly/8e125b0a-b2ee-11ed-b902-02ff6050fc7d,combined_graded.xlsx,price_history.csv (2023-04-02),existing price_history.csv rate for date
2023-04-02,Wartortle,卡咪龜,CGC,9,CGC 9,33.6,1042,31,Fanatics,Fanatics,33.6,33.6,$33.60,Auction,,https://www.fanaticscollect.com/weekly/8e4b7f98-b2ee-11ed-8b88-02ff6050fc7d,https://www.fanaticscollect.com/weekly/8e4b7f98-b2ee-11ed-8b88-02ff6050fc7d,combined_graded.xlsx,price_history.csv (2023-04-02),existing price_history.csv rate for date
2023-02-12,Charmeleon,火恐龍,PSA,9,PSA 9,110.4,3367,30.5,Fanatics,Fanatics,110.4,110.4,$110.40,Auction,,https://www.fanaticscollect.com/weekly/106b1a4c-8d24-11ed-bc9b-065bc17b6135,https://www.fanaticscollect.com/weekly/106b1a4c-8d24-11ed-bc9b-065bc17b6135,combined_graded.xlsx,price_history.csv (2023-02-12),existing price_history.csv rate for date
2022-12-25,Charmander,小火龍,PSA,8,PSA 8,31.2,936,30,Fanatics,Fanatics,31.2,31.2,$31.20,Auction,,https://www.fanaticscollect.com/weekly/4031b9d0-6f23-11ed-96dc-0a58a9feac02,https://www.fanaticscollect.com/weekly/4031b9d0-6f23-11ed-96dc-0a58a9feac02,combined_graded.xlsx,price_history.csv (2022-12-25),existing price_history.csv rate for date
2022-12-25,Squirtle,傑尼龜,PSA,9,PSA 9,28.8,864,30,Fanatics,Fanatics,28.8,28.8,$28.80,Auction,,https://www.fanaticscollect.com/weekly/4031aefe-6f23-11ed-a512-0a58a9feac02,https://www.fanaticscollect.com/weekly/4031aefe-6f23-11ed-a512-0a58a9feac02,combined_graded.xlsx,price_history.csv (2022-12-25),existing price_history.csv rate for date
2022-12-25,Wartortle,卡咪龜,PSA,9,PSA 9,26.4,792,30,Fanatics,Fanatics,26.4,26.4,$26.40,Auction,,https://www.fanaticscollect.com/weekly/4031ae2c-6f23-11ed-862e-0a58a9feac02,https://www.fanaticscollect.com/weekly/4031ae2c-6f23-11ed-862e-0a58a9feac02,combined_graded.xlsx,price_history.csv (2022-12-25),existing price_history.csv rate for date
2022-12-18,Charmander,小火龍,PSA,8,PSA 8,22.8,684,30,Fanatics,Fanatics,22.8,22.8,$22.80,Auction,,https://www.fanaticscollect.com/weekly/4031b750-6f23-11ed-a5f7-0a58a9feac02,https://www.fanaticscollect.com/weekly/4031b750-6f23-11ed-a5f7-0a58a9feac02,combined_graded.xlsx,price_history.csv (2022-12-18),existing price_history.csv rate for date
2022-12-18,Pikachu,皮卡丘,PSA,6,PSA 6,19.2,576,30,Fanatics,Fanatics,19.2,19.2,$19.20,Auction,,https://www.fanaticscollect.com/weekly/4031a350-6f23-11ed-88ef-0a58a9feac02,https://www.fanaticscollect.com/weekly/4031a350-6f23-11ed-88ef-0a58a9feac02,combined_graded.xlsx,price_history.csv (2022-12-18),existing price_history.csv rate for date
2022-12-18,Squirtle,傑尼龜,PSA,9,PSA 9,40.8,1224,30,Fanatics,Fanatics,40.8,40.8,$40.80,Auction,,https://www.fanaticscollect.com/weekly/4031995a-6f23-11ed-baf0-0a58a9feac02,https://www.fanaticscollect.com/weekly/4031995a-6f23-11ed-baf0-0a58a9feac02,combined_graded.xlsx,price_history.csv (2022-12-18),existing price_history.csv rate for date
2022-12-18,Wartortle,卡咪龜,PSA,8,PSA 8,18,540,30,Fanatics,Fanatics,18,18,$18,Auction,,https://www.fanaticscollect.com/weekly/40319cac-6f23-11ed-82d8-0a58a9feac02,https://www.fanaticscollect.com/weekly/40319cac-6f23-11ed-82d8-0a58a9feac02,combined_graded.xlsx,price_history.csv (2022-12-18),existing price_history.csv rate for date
2022-12-18,Wartortle,卡咪龜,PSA,9,PSA 9,38.4,1152,30,Fanatics,Fanatics,38.4,38.4,$38.40,Auction,,https://www.fanaticscollect.com/weekly/40318f5a-6f23-11ed-aa59-0a58a9feac02,https://www.fanaticscollect.com/weekly/40318f5a-6f23-11ed-aa59-0a58a9feac02,combined_graded.xlsx,price_history.csv (2022-12-18),existing price_history.csv rate for date
2022-11-27,Bulbasaur,妙蛙種子,PSA,9,PSA 9,50.4,1512,30,Fanatics,Fanatics,50.4,50.4,$50.40,Auction,,https://www.fanaticscollect.com/weekly/4204f362-6f23-11ed-9f50-0a58a9feac02,https://www.fanaticscollect.com/weekly/4204f362-6f23-11ed-9f50-0a58a9feac02,combined_graded.xlsx,price_history.csv (2022-11-27),existing price_history.csv rate for date
2022-11-27,Chansey,吉利蛋,PSA,6,PSA 6,31.2,936,30,Fanatics,Fanatics,31.2,31.2,$31.20,Auction,,https://www.fanaticscollect.com/weekly/421809a2-6f23-11ed-809f-0a58a9feac02,https://www.fanaticscollect.com/weekly/421809a2-6f23-11ed-809f-0a58a9feac02,combined_graded.xlsx,price_history.csv (2022-11-27),existing price_history.csv rate for date
2022-11-27,Charmander,小火龍,PSA,8,PSA 8,62.4,1872,30,Fanatics,Fanatics,62.4,62.4,$62.40,Auction,,https://www.fanaticscollect.com/weekly/4204f1be-6f23-11ed-a959-0a58a9feac02,https://www.fanaticscollect.com/weekly/4204f1be-6f23-11ed-a959-0a58a9feac02,combined_graded.xlsx,price_history.csv (2022-11-27),existing price_history.csv rate for date
2022-11-27,Pikachu,皮卡丘,PSA,9,PSA 9,39.6,1188,30,Fanatics,Fanatics,39.6,39.6,$39.60,Auction,,https://www.fanaticscollect.com/weekly/4204f290-6f23-11ed-94ab-0a58a9feac02,https://www.fanaticscollect.com/weekly/4204f290-6f23-11ed-94ab-0a58a9feac02,combined_graded.xlsx,price_history.csv (2022-11-27),existing price_history.csv rate for date
2022-08-14,Charmeleon,火恐龍,PSA,10,PSA 10,408,12240,30,Fanatics,Fanatics,408,408,$408,Auction,,https://www.fanaticscollect.com/weekly/30339044-6f23-11ed-bfee-0a58a9feac02,https://www.fanaticscollect.com/weekly/30339044-6f23-11ed-bfee-0a58a9feac02,combined_graded.xlsx,price_history.csv (2022-08-14),existing price_history.csv rate for date
2022-08-14,Wartortle,卡咪龜,PSA,10,PSA 10,384,11520,30,Fanatics,Fanatics,384,384,$384,Auction,,https://www.fanaticscollect.com/weekly/303392c4-6f23-11ed-8877-0a58a9feac02,https://www.fanaticscollect.com/weekly/303392c4-6f23-11ed-8877-0a58a9feac02,combined_graded.xlsx,price_history.csv (2022-08-14),existing price_history.csv rate for date
2022-08-07,Ivysaur,妙蛙草,PSA,9,PSA 9,54,1620,30,Fanatics,Fanatics,54,54,$54,Auction,,https://www.fanaticscollect.com/weekly/30335d5e-6f23-11ed-adae-0a58a9feac02,https://www.fanaticscollect.com/weekly/30335d5e-6f23-11ed-adae-0a58a9feac02,combined_graded.xlsx,price_history.csv (2022-08-07),existing price_history.csv rate for date
2022-07-31,Zapdos,閃電鳥,BGS,8.5,BGS 8.5,180,5400,30,Fanatics,Fanatics,180,180,$180,Auction,,https://www.fanaticscollect.com/weekly/32fd4ffe-6f23-11ed-8d06-0a58a9feac02,https://www.fanaticscollect.com/weekly/32fd4ffe-6f23-11ed-8d06-0a58a9feac02,combined_graded.xlsx,price_history.csv (2022-07-31),existing price_history.csv rate for date
2022-05-01,Charmeleon,火恐龍,CGC,8.5,CGC 8.5,18,531,29.5,Fanatics,Fanatics,18,18,$18,Auction,,https://www.fanaticscollect.com/weekly/25c3c2dc-6f23-11ed-9019-0a58a9feac02,https://www.fanaticscollect.com/weekly/25c3c2dc-6f23-11ed-9019-0a58a9feac02,combined_graded.xlsx,price_history.csv (2022-05-01),existing price_history.csv rate for date
2022-05-01,Pikachu,皮卡丘,CGC,8.5,CGC 8.5,54,1593,29.5,Fanatics,Fanatics,54,54,$54,Auction,,https://www.fanaticscollect.com/weekly/25c451e8-6f23-11ed-a8c7-0a58a9feac02,https://www.fanaticscollect.com/weekly/25c451e8-6f23-11ed-a8c7-0a58a9feac02,combined_graded.xlsx,price_history.csv (2022-05-01),existing price_history.csv rate for date
2021-07-28,Machamp,怪力,PSA,8,PSA 8,189.5,5306,28,Fanatics,Fanatics,189.5,189.5,$189.50,Auction,,https://www.fanaticscollect.com/monthly/0f69fbdc-6f23-11ed-b0c5-0a58a9feac02,https://www.fanaticscollect.com/monthly/0f69fbdc-6f23-11ed-b0c5-0a58a9feac02,combined_graded.xlsx,price_history.csv (2021-07-28),existing price_history.csv rate for date
2021-01-27,Mewtwo,超夢,PSA,9,PSA 9,760,21280,28,Fanatics,Fanatics,760,760,$760,Auction,,https://www.fanaticscollect.com/monthly/f94eae2e-6f22-11ed-a16a-0a58a9feac02,https://www.fanaticscollect.com/monthly/f94eae2e-6f22-11ed-a16a-0a58a9feac02,combined_graded.xlsx,price_history.csv (2021-01-27),existing price_history.csv rate for date
2020-12-28,Machamp,怪力,PSA,6,PSA 6,84,2478,29.5,Fanatics,Fanatics,84,84,$84,Auction,,https://www.fanaticscollect.com/monthly/f764650e-6f22-11ed-831f-0a58a9feac02,https://www.fanaticscollect.com/monthly/f764650e-6f22-11ed-831f-0a58a9feac02,combined_graded.xlsx,price_history.csv (2020-12-28),existing price_history.csv rate for date
2020-12-28,Nidoking,尼多王,PSA,7,PSA 7,102.5,3024,29.5,Fanatics,Fanatics,102.5,102.5,$102.50,Auction,,https://www.fanaticscollect.com/monthly/f7645960-6f22-11ed-b94a-0a58a9feac02,https://www.fanaticscollect.com/monthly/f7645960-6f22-11ed-b94a-0a58a9feac02,combined_graded.xlsx,price_history.csv (2020-12-28),existing price_history.csv rate for date
2020-09-28,Alakazam,胡地,PSA,7,PSA 7,110.5,3260,29.5,Fanatics,Fanatics,110.5,110.5,$110.50,Auction,,https://www.fanaticscollect.com/monthly/f0561a0a-6f22-11ed-8259-0a58a9feac02,https://www.fanaticscollect.com/monthly/f0561a0a-6f22-11ed-8259-0a58a9feac02,combined_graded.xlsx,price_history.csv (2020-09-28),existing price_history.csv rate for date
2020-09-28,Chansey,吉利蛋,PSA,8,PSA 8,159.5,4705,29.5,Fanatics,Fanatics,159.5,159.5,$159.50,Auction,,https://www.fanaticscollect.com/monthly/f0561ae6-6f22-11ed-afe2-0a58a9feac02,https://www.fanaticscollect.com/monthly/f0561ae6-6f22-11ed-afe2-0a58a9feac02,combined_graded.xlsx,price_history.csv (2020-09-28),existing price_history.csv rate for date
2020-09-28,Machamp,怪力,PSA,1,PSA 1,42,1239,29.5,Fanatics,Fanatics,42,42,$42,Auction,,https://www.fanaticscollect.com/monthly/f0561c8a-6f22-11ed-9f20-0a58a9feac02,https://www.fanaticscollect.com/monthly/f0561c8a-6f22-11ed-9f20-0a58a9feac02,combined_graded.xlsx,price_history.csv (2020-09-28),existing price_history.csv rate for date
2020-09-28,Magneton,三磁怪,PSA,9,PSA 9,271.6,8012,29.5,Fanatics,Fanatics,271.6,271.6,$271.60,Auction,,https://www.fanaticscollect.com/monthly/f0561d5c-6f22-11ed-a7ae-0a58a9feac02,https://www.fanaticscollect.com/monthly/f0561d5c-6f22-11ed-a7ae-0a58a9feac02,combined_graded.xlsx,price_history.csv (2020-09-28),existing price_history.csv rate for date
2020-09-28,Raichu,雷丘,PSA,6,PSA 6,76.11,2245,29.5,Fanatics,Fanatics,76.11,76.11,$76.11,Auction,,https://www.fanaticscollect.com/monthly/f0561e2e-6f22-11ed-a743-0a58a9feac02,https://www.fanaticscollect.com/monthly/f0561e2e-6f22-11ed-a743-0a58a9feac02,combined_graded.xlsx,price_history.csv (2020-09-28),existing price_history.csv rate for date
2020-08-31,Ninetales,九尾,PSA,9,PSA 9,278.78,8224,29.5,Fanatics,Fanatics,278.78,278.78,$278.78,Auction,,https://www.fanaticscollect.com/monthly/ee50467c-6f22-11ed-924f-0a58a9feac02,https://www.fanaticscollect.com/monthly/ee50467c-6f22-11ed-924f-0a58a9feac02,combined_graded.xlsx,price_history.csv (2020-08-31),existing price_history.csv rate for date
2020-08-27,Machamp,怪力,BGS,9,BGS 9,310,9145,29.5,Fanatics,Fanatics,310,310,$310,Auction,,https://www.fanaticscollect.com/monthly/ee211762-6f22-11ed-941d-0a58a9feac02,https://www.fanaticscollect.com/monthly/ee211762-6f22-11ed-941d-0a58a9feac02,combined_graded.xlsx,price_history.csv (2020-08-27),existing price_history.csv rate for date
2020-08-27,Zapdos,閃電鳥,BGS,9,BGS 9,219.5,6475,29.5,Fanatics,Fanatics,219.5,219.5,$219.50,Auction,,https://www.fanaticscollect.com/monthly/ee211ece-6f22-11ed-a4fd-0a58a9feac02,https://www.fanaticscollect.com/monthly/ee211ece-6f22-11ed-a4fd-0a58a9feac02,combined_graded.xlsx,price_history.csv (2020-08-27),existing price_history.csv rate for date
2020-07-27,Alakazam,胡地,PSA,9,PSA 9,380,11210,29.5,Fanatics,Fanatics,380,380,$380,Auction,,https://www.fanaticscollect.com/monthly/ebaa2794-6f22-11ed-a173-0a58a9feac02,https://www.fanaticscollect.com/monthly/ebaa2794-6f22-11ed-a173-0a58a9feac02,combined_graded.xlsx,price_history.csv (2020-07-27),existing price_history.csv rate for date
2020-07-27,Chansey,吉利蛋,PSA,9,PSA 9,393,11594,29.5,Fanatics,Fanatics,393,393,$393,Auction,,https://www.fanaticscollect.com/monthly/ebaa2938-6f22-11ed-90ac-0a58a9feac02,https://www.fanaticscollect.com/monthly/ebaa2938-6f22-11ed-90ac-0a58a9feac02,combined_graded.xlsx,price_history.csv (2020-07-27),existing price_history.csv rate for date
2020-07-27,Gyarados,暴鯉龍,PSA,9,PSA 9,405,11948,29.5,Fanatics,Fanatics,405,405,$405,Auction,,https://www.fanaticscollect.com/monthly/ebaa2ae6-6f22-11ed-a58d-0a58a9feac02,https://www.fanaticscollect.com/monthly/ebaa2ae6-6f22-11ed-a58d-0a58a9feac02,combined_graded.xlsx,price_history.csv (2020-07-27),existing price_history.csv rate for date
2020-07-27,Hitmonchan,快拳郎,PSA,8,PSA 8,152.5,4499,29.5,Fanatics,Fanatics,152.5,152.5,$152.50,Auction,,https://www.fanaticscollect.com/monthly/ebaa2bc2-6f22-11ed-bef3-0a58a9feac02,https://www.fanaticscollect.com/monthly/ebaa2bc2-6f22-11ed-bef3-0a58a9feac02,combined_graded.xlsx,price_history.csv (2020-07-27),existing price_history.csv rate for date
2020-07-27,Machamp,怪力,PSA,8,PSA 8,271,7995,29.5,Fanatics,Fanatics,271,271,$271,Auction,,https://www.fanaticscollect.com/monthly/ebaa2c94-6f22-11ed-9378-0a58a9feac02,https://www.fanaticscollect.com/monthly/ebaa2c94-6f22-11ed-9378-0a58a9feac02,combined_graded.xlsx,price_history.csv (2020-07-27),existing price_history.csv rate for date
2020-07-27,Magneton,三磁怪,PSA,8,PSA 8,152.5,4499,29.5,Fanatics,Fanatics,152.5,152.5,$152.50,Auction,,https://www.fanaticscollect.com/monthly/ebaa2d66-6f22-11ed-9d93-0a58a9feac02,https://www.fanaticscollect.com/monthly/ebaa2d66-6f22-11ed-9d93-0a58a9feac02,combined_graded.xlsx,price_history.csv (2020-07-27),existing price_history.csv rate for date
2020-07-27,Mewtwo,超夢,PSA,9,PSA 9,455,13423,29.5,Fanatics,Fanatics,455,455,$455,Auction,,https://www.fanaticscollect.com/monthly/ebaa2e38-6f22-11ed-a070-0a58a9feac02,https://www.fanaticscollect.com/monthly/ebaa2e38-6f22-11ed-a070-0a58a9feac02,combined_graded.xlsx,price_history.csv (2020-07-27),existing price_history.csv rate for date
2020-07-27,Nidoking,尼多王,PSA,9,PSA 9,330,9735,29.5,Fanatics,Fanatics,330,330,$330,Auction,,https://www.fanaticscollect.com/monthly/ebaa2f0a-6f22-11ed-9e7d-0a58a9feac02,https://www.fanaticscollect.com/monthly/ebaa2f0a-6f22-11ed-9e7d-0a58a9feac02,combined_graded.xlsx,price_history.csv (2020-07-27),existing price_history.csv rate for date
2020-07-27,Poliwrath,蚊香士,PSA,9,PSA 9,300,8850,29.5,Fanatics,Fanatics,300,300,$300,Auction,,https://www.fanaticscollect.com/monthly/ebaa30ae-6f22-11ed-92b5-0a58a9feac02,https://www.fanaticscollect.com/monthly/ebaa30ae-6f22-11ed-92b5-0a58a9feac02,combined_graded.xlsx,price_history.csv (2020-07-27),existing price_history.csv rate for date
2020-07-27,Raichu,雷丘,PSA,9,PSA 9,360,10620,29.5,Fanatics,Fanatics,360,360,$360,Auction,,https://www.fanaticscollect.com/monthly/ebaa318a-6f22-11ed-b3a6-0a58a9feac02,https://www.fanaticscollect.com/monthly/ebaa318a-6f22-11ed-b3a6-0a58a9feac02,combined_graded.xlsx,price_history.csv (2020-07-27),existing price_history.csv rate for date
2020-07-27,Zapdos,閃電鳥,PSA,9,PSA 9,380,11210,29.5,Fanatics,Fanatics,380,380,$380,Auction,,https://www.fanaticscollect.com/monthly/ebaa332e-6f22-11ed-9982-0a58a9feac02,https://www.fanaticscollect.com/monthly/ebaa332e-6f22-11ed-9982-0a58a9feac02,combined_graded.xlsx,price_history.csv (2020-07-27),existing price_history.csv rate for date
2020-06-28,Hitmonchan,快拳郎,PSA,9,PSA 9,178.07,5253,29.5,Fanatics,Fanatics,178.07,178.07,$178.07,Auction,,https://www.fanaticscollect.com/monthly/e9c92f38-6f22-11ed-80b9-0a58a9feac02,https://www.fanaticscollect.com/monthly/e9c92f38-6f22-11ed-80b9-0a58a9feac02,combined_graded.xlsx,price_history.csv (2020-06-28),existing price_history.csv rate for date
2020-06-28,Magneton,三磁怪,PSA,9,PSA 9,166,4897,29.5,Fanatics,Fanatics,166,166,$166,Auction,,https://www.fanaticscollect.com/monthly/e9c93014-6f22-11ed-8b46-0a58a9feac02,https://www.fanaticscollect.com/monthly/e9c93014-6f22-11ed-8b46-0a58a9feac02,combined_graded.xlsx,price_history.csv (2020-06-28),existing price_history.csv rate for date
2020-06-28,Mewtwo,超夢,PSA,8,PSA 8,192.5,5679,29.5,Fanatics,Fanatics,192.5,192.5,$192.50,Auction,,https://www.fanaticscollect.com/monthly/e9c93294-6f22-11ed-8450-0a58a9feac02,https://www.fanaticscollect.com/monthly/e9c93294-6f22-11ed-8450-0a58a9feac02,combined_graded.xlsx,price_history.csv (2020-06-28),existing price_history.csv rate for date
2020-06-28,Nidoking,尼多王,PSA,9,PSA 9,177.5,5236,29.5,Fanatics,Fanatics,177.5,177.5,$177.50,Auction,,https://www.fanaticscollect.com/monthly/e9c93366-6f22-11ed-9551-0a58a9feac02,https://www.fanaticscollect.com/monthly/e9c93366-6f22-11ed-9551-0a58a9feac02,combined_graded.xlsx,price_history.csv (2020-06-28),existing price_history.csv rate for date
2019-05-28,Alakazam,胡地,PSA,8,PSA 8,86,2666,31,Fanatics,Fanatics,86,86,$86,Auction,,/items/MONTHLY1990880,/items/MONTHLY1990880,combined_graded.xlsx,price_history.csv (2019-05-28),existing price_history.csv rate for date
2019-05-28,Chansey,吉利蛋,PSA,9,PSA 9,102.5,3178,31,Fanatics,Fanatics,102.5,102.5,$102.50,Auction,,/items/MONTHLY1990885,/items/MONTHLY1990885,combined_graded.xlsx,price_history.csv (2019-05-28),existing price_history.csv rate for date
2019-05-28,Gyarados,暴鯉龍,PSA,9,PSA 9,127.5,3953,31,Fanatics,Fanatics,127.5,127.5,$127.50,Auction,,/items/MONTHLY1990897,/items/MONTHLY1990897,combined_graded.xlsx,price_history.csv (2019-05-28),existing price_history.csv rate for date
2019-05-28,Hitmonchan,快拳郎,PSA,8,PSA 8,51,1581,31,Fanatics,Fanatics,51,51,$51,Auction,,/items/MONTHLY1990900,/items/MONTHLY1990900,combined_graded.xlsx,price_history.csv (2019-05-28),existing price_history.csv rate for date
2019-05-28,Machamp,怪力,PSA,9,PSA 9,19.5,605,31,Fanatics,Fanatics,19.5,19.5,$19.50,Auction,,/items/MONTHLY1990902,/items/MONTHLY1990902,combined_graded.xlsx,price_history.csv (2019-05-28),existing price_history.csv rate for date
2019-05-28,Magneton,三磁怪,PSA,8,PSA 8,11.5,357,31,Fanatics,Fanatics,11.5,11.5,$11.50,Auction,,/items/MONTHLY1990909,/items/MONTHLY1990909,combined_graded.xlsx,price_history.csv (2019-05-28),existing price_history.csv rate for date
2019-05-28,Mewtwo,超夢,PSA,9,PSA 9,63,1953,31,Fanatics,Fanatics,63,63,$63,Auction,,/items/MONTHLY1990914,/items/MONTHLY1990914,combined_graded.xlsx,price_history.csv (2019-05-28),existing price_history.csv rate for date
2019-05-28,Nidoking,尼多王,PSA,9,PSA 9,51,1581,31,Fanatics,Fanatics,51,51,$51,Auction,,/items/MONTHLY1990918,/items/MONTHLY1990918,combined_graded.xlsx,price_history.csv (2019-05-28),existing price_history.csv rate for date
2019-05-28,Ninetales,九尾,PSA,9,PSA 9,31.57,979,31,Fanatics,Fanatics,31.57,31.57,$31.57,Auction,,/items/MONTHLY1990922,/items/MONTHLY1990922,combined_graded.xlsx,price_history.csv (2019-05-28),existing price_history.csv rate for date
2019-05-28,Poliwrath,蚊香士,PSA,9,PSA 9,31.57,979,31,Fanatics,Fanatics,31.57,31.57,$31.57,Auction,,/items/MONTHLY1990924,/items/MONTHLY1990924,combined_graded.xlsx,price_history.csv (2019-05-28),existing price_history.csv rate for date
2019-05-28,Raichu,雷丘,PSA,9,PSA 9,81,2511,31,Fanatics,Fanatics,81,81,$81,Auction,,/items/MONTHLY1990927,/items/MONTHLY1990927,combined_graded.xlsx,price_history.csv (2019-05-28),existing price_history.csv rate for date
2019-05-28,Zapdos,閃電鳥,PSA,9,PSA 9,100,3100,31,Fanatics,Fanatics,100,100,$100,Auction,,/items/MONTHLY1990932,/items/MONTHLY1990932,combined_graded.xlsx,price_history.csv (2019-05-28),existing price_history.csv rate for date
2019-03-27,Chansey,吉利蛋,PSA,9,PSA 9,45,1395,31,Fanatics,Fanatics,45,45,$45,Auction,,/items/MONTHLY1937321,/items/MONTHLY1937321,combined_graded.xlsx,price_history.csv (2019-03-27),existing price_history.csv rate for date
2018-12-17,Chansey,吉利蛋,PSA,8,PSA 8,41,1271,31,Fanatics,Fanatics,41,41,$41,Auction,,/items/MONTHLY1877297,/items/MONTHLY1877297,combined_graded.xlsx,price_history.csv (2018-12-17),existing price_history.csv rate for date
2018-12-17,Raichu,雷丘,PSA,8,PSA 8,31,961,31,Fanatics,Fanatics,31,31,$31,Auction,,/items/MONTHLY1877457,/items/MONTHLY1877457,combined_graded.xlsx,price_history.csv (2018-12-17),existing price_history.csv rate for date
2018-11-20,Alakazam,胡地,PSA,7,PSA 7,21.5,667,31,Fanatics,Fanatics,21.5,21.5,$21.50,Auction,,/items/MONTHLY1862476,/items/MONTHLY1862476,combined_graded.xlsx,price_history.csv (2018-11-20),existing price_history.csv rate for date
2018-11-20,Chansey,吉利蛋,PSA,8,PSA 8,43,1333,31,Fanatics,Fanatics,43,43,$43,Auction,,/items/MONTHLY1862490,/items/MONTHLY1862490,combined_graded.xlsx,price_history.csv (2018-11-20),existing price_history.csv rate for date
2018-11-20,Gyarados,暴鯉龍,PSA,9,PSA 9,43,1333,31,Fanatics,Fanatics,43,43,$43,Auction,,/items/MONTHLY1862524,/items/MONTHLY1862524,combined_graded.xlsx,price_history.csv (2018-11-20),existing price_history.csv rate for date
2018-11-20,Magneton,三磁怪,PSA,9,PSA 9,43,1333,31,Fanatics,Fanatics,43,43,$43,Auction,,/items/MONTHLY1862548,/items/MONTHLY1862548,combined_graded.xlsx,price_history.csv (2018-11-20),existing price_history.csv rate for date
2018-11-20,Magneton,三磁怪,PSA,8,PSA 8,17.49,542,31,Fanatics,Fanatics,17.49,17.49,$17.49,Auction,,/items/MONTHLY1862547,/items/MONTHLY1862547,combined_graded.xlsx,price_history.csv (2018-11-20),existing price_history.csv rate for date
2018-11-20,Magneton,三磁怪,PSA,7,PSA 7,12.25,380,31,Fanatics,Fanatics,12.25,12.25,$12.25,Auction,,/items/MONTHLY1862546,/items/MONTHLY1862546,combined_graded.xlsx,price_history.csv (2018-11-20),existing price_history.csv rate for date
2018-11-20,Mewtwo,超夢,PSA,9,PSA 9,45,1395,31,Fanatics,Fanatics,45,45,$45,Auction,,/items/MONTHLY1862556,/items/MONTHLY1862556,combined_graded.xlsx,price_history.csv (2018-11-20),existing price_history.csv rate for date
2018-11-20,Ninetales,九尾,PSA,9,PSA 9,39,1209,31,Fanatics,Fanatics,39,39,$39,Auction,,/items/MONTHLY1862571,/items/MONTHLY1862571,combined_graded.xlsx,price_history.csv (2018-11-20),existing price_history.csv rate for date
2018-11-20,Poliwrath,蚊香士,PSA,8,PSA 8,26.87,833,31,Fanatics,Fanatics,26.87,26.87,$26.87,Auction,,/items/MONTHLY1862578,/items/MONTHLY1862578,combined_graded.xlsx,price_history.csv (2018-11-20),existing price_history.csv rate for date
2018-11-20,Raichu,雷丘,PSA,8,PSA 8,31,961,31,Fanatics,Fanatics,31,31,$31,Auction,,/items/MONTHLY1862585,/items/MONTHLY1862585,combined_graded.xlsx,price_history.csv (2018-11-20),existing price_history.csv rate for date
2018-11-20,Raichu,雷丘,PSA,8,PSA 8,49,1519,31,Fanatics,Fanatics,49,49,$49,Auction,,/items/MONTHLY1862584,/items/MONTHLY1862584,combined_graded.xlsx,price_history.csv (2018-11-20),existing price_history.csv rate for date
2018-11-20,Zapdos,閃電鳥,PSA,9,PSA 9,57,1767,31,Fanatics,Fanatics,57,57,$57,Auction,,/items/MONTHLY1862599,/items/MONTHLY1862599,combined_graded.xlsx,price_history.csv (2018-11-20),existing price_history.csv rate for date
2018-11-20,Zapdos,閃電鳥,PSA,8,PSA 8,29,899,31,Fanatics,Fanatics,29,29,$29,Auction,,/items/MONTHLY1862598,/items/MONTHLY1862598,combined_graded.xlsx,price_history.csv (2018-11-20),existing price_history.csv rate for date
2026-07-24,Wartortle,卡咪龜,PSA,9,PSA 9,81,2616,32.3,eBay,eBay,,81,$81.00,,,,,user_screenshot,,existing price_history.csv rate for date
2026-02-20,Wartortle,卡咪龜,CGC,10,CGC 10,430,13889,32.3,eBay,eBay,,430,$430.00,,,,,user_screenshot,,existing price_history.csv rate for date
2025-10-13,Wartortle,卡咪龜,CGC,9,CGC 9,64.5,2083,32.3,eBay,eBay,,64.5,$64.50,,,,,user_screenshot,,existing price_history.csv rate for date
2025-09-27,Wartortle,卡咪龜,PSA,10,PSA 10,900,29070,32.3,eBay,eBay,,900,$900.00,,,,,user_screenshot,,existing price_history.csv rate for date
2025-09-20,Wartortle,卡咪龜,PSA,9,PSA 9,74.99,2422,32.3,eBay,eBay,,74.99,$74.99,,,,,user_screenshot,,existing price_history.csv rate for date
2025-09-08,Wartortle,卡咪龜,CGC,9,CGC 9,41,1324,32.3,eBay,eBay,,41,$41.00,,,,,user_screenshot,,existing price_history.csv rate for date
2025-08-18,Wartortle,卡咪龜,RAW,RAW,RAW,21.01,679,32.3,eBay,eBay,,21.01,$21.01,,,,,user_screenshot,,existing price_history.csv rate for date
2025-08-18,Wartortle,卡咪龜,RAW,RAW,RAW,23.01,743,32.3,eBay,eBay,,23.01,$23.01,,,,,user_screenshot,,existing price_history.csv rate for date
2025-08-18,Wartortle,卡咪龜,RAW,RAW,RAW,11.38,368,32.3,eBay,eBay,,11.38,$11.38,,,,,user_screenshot,,existing price_history.csv rate for date
2025-08-18,Wartortle,卡咪龜,RAW,RAW,RAW,7.5,242,32.3,eBay,eBay,,7.5,$7.50,,,,,user_screenshot,,existing price_history.csv rate for date
2025-07-07,Wartortle,卡咪龜,PSA,8,PSA 8,40,1292,32.3,eBay,eBay,,40,$40.00,,,,,user_screenshot,,existing price_history.csv rate for date
2025-04-26,Wartortle,卡咪龜,PSA,9,PSA 9,74.99,2422,32.3,eBay,eBay,,74.99,$74.99,,,,,user_screenshot,,existing price_history.csv rate for date
2026-06-24,Pikachu,皮卡丘,PSA,9,PSA 9,553,17862,32.3,eBay,eBay Research,,553,$553.00,Auction,,,https://www.ebay.com/sh/research?marketplace=EBAY-US&keywords=Pokemon+CHINESE+2000+1st+edition+pikachu&dayRange=1095&tabName=SOLD,user_chrome_research,,existing price_history.csv rate for date
2026-06-12,Pikachu,皮卡丘,PSA,8,PSA 8,270,8721,32.3,eBay,eBay Research,,270,$270.00,Fixed Price,,,https://www.ebay.com/sh/research?marketplace=EBAY-US&keywords=Pokemon+CHINESE+2000+1st+edition+pikachu&dayRange=1095&tabName=SOLD,user_chrome_research,,existing price_history.csv rate for date
2026-04-28,Pikachu,皮卡丘,RAW,RAW,RAW,725,23417,32.3,eBay,eBay Research,,725,$725.00,Fixed Price,,,https://www.ebay.com/sh/research?marketplace=EBAY-US&keywords=Pokemon+CHINESE+2000+1st+edition+pikachu&dayRange=1095&tabName=SOLD,user_chrome_research,,existing price_history.csv rate for date
2026-02-10,Pikachu,皮卡丘,CGC,10,CGC 10,674.5,21786,32.3,eBay,eBay Research,,674.5,$674.50,Fixed Price,,,https://www.ebay.com/sh/research?marketplace=EBAY-US&keywords=Pokemon+CHINESE+2000+1st+edition+pikachu&dayRange=1095&tabName=SOLD,user_chrome_research,,existing price_history.csv rate for date
2026-02-03,Pikachu,皮卡丘,RAW,RAW,RAW,120,3876,32.3,eBay,eBay Research,,120,$120.00,Auction,,,https://www.ebay.com/sh/research?marketplace=EBAY-US&keywords=Pokemon+CHINESE+2000+1st+edition+pikachu&dayRange=1095&tabName=SOLD,user_chrome_research,,existing price_history.csv rate for date
2026-01-13,Pikachu,皮卡丘,CGC,10,CGC 10,373,12048,32.3,eBay,eBay Research,,373,$373.00,Auction,,,https://www.ebay.com/sh/research?marketplace=EBAY-US&keywords=Pokemon+CHINESE+2000+1st+edition+pikachu&dayRange=1095&tabName=SOLD,user_chrome_research,,existing price_history.csv rate for date
2025-11-20,Pikachu,皮卡丘,PSA,9,PSA 9,153.5,4958,32.3,eBay,eBay Research,,153.5,$153.50,Auction,,,https://www.ebay.com/sh/research?marketplace=EBAY-US&keywords=Pokemon+CHINESE+2000+1st+edition+pikachu&dayRange=1095&tabName=SOLD,user_chrome_research,,existing price_history.csv rate for date
2025-10-25,Pikachu,皮卡丘,RAW,RAW,RAW,114.19,3688,32.3,eBay,eBay Research,,114.19,$114.19,Auction,,,https://www.ebay.com/sh/research?marketplace=EBAY-US&keywords=Pokemon+CHINESE+2000+1st+edition+pikachu&dayRange=1095&tabName=SOLD,user_chrome_research,,existing price_history.csv rate for date
2025-09-28,Pikachu,皮卡丘,RAW,RAW,RAW,124,4005,32.3,eBay,eBay Research,,124,$124.00,Auction,,,https://www.ebay.com/sh/research?marketplace=EBAY-US&keywords=Pokemon+CHINESE+2000+1st+edition+pikachu&dayRange=1095&tabName=SOLD,user_chrome_research,,existing price_history.csv rate for date
2025-08-28,Pikachu,皮卡丘,CGC,9,CGC 9,250,8075,32.3,eBay,eBay Research,,250,$250.00,Fixed Price,,,https://www.ebay.com/sh/research?marketplace=EBAY-US&keywords=Pokemon+CHINESE+2000+1st+edition+pikachu&dayRange=1095&tabName=SOLD,user_chrome_research,,existing price_history.csv rate for date
2025-08-19,Pikachu,皮卡丘,CGC,9,CGC 9,150,4845,32.3,eBay,eBay Research,,150,$150.00,Fixed Price,,,https://www.ebay.com/sh/research?marketplace=EBAY-US&keywords=Pokemon+CHINESE+2000+1st+edition+pikachu&dayRange=1095&tabName=SOLD,user_chrome_research,,existing price_history.csv rate for date
2025-07-20,Pikachu,皮卡丘,RAW,RAW,RAW,89,2875,32.3,eBay,eBay Research,,89,$89.00,Fixed Price,,,https://www.ebay.com/sh/research?marketplace=EBAY-US&keywords=Pokemon+CHINESE+2000+1st+edition+pikachu&dayRange=1095&tabName=SOLD,user_chrome_research,,existing price_history.csv rate for date
2025-04-15,Pikachu,皮卡丘,PSA,9,PSA 9,162.5,5249,32.3,eBay,eBay Research,,162.5,$162.50,Auction,,,https://www.ebay.com/sh/research?marketplace=EBAY-US&keywords=Pokemon+CHINESE+2000+1st+edition+pikachu&dayRange=1095&tabName=SOLD,user_chrome_research,,existing price_history.csv rate for date
2025-03-19,Pikachu,皮卡丘,CGC,10,CGC 10,600,19380,32.3,eBay,eBay Research,,600,$600.00,Fixed Price,,,https://www.ebay.com/sh/research?marketplace=EBAY-US&keywords=Pokemon+CHINESE+2000+1st+edition+pikachu&dayRange=1095&tabName=SOLD,user_chrome_research,,existing price_history.csv rate for date
2025-03-19,Pikachu,皮卡丘,PSA,9,PSA 9,274.5,8866,32.3,eBay,eBay Research,,274.5,$274.50,Fixed Price,,,https://www.ebay.com/sh/research?marketplace=EBAY-US&keywords=Pokemon+CHINESE+2000+1st+edition+pikachu&dayRange=1095&tabName=SOLD,user_chrome_research,,existing price_history.csv rate for date
2024-12-29,Pikachu,皮卡丘,PSA,9,PSA 9,104.49,3375,32.3,eBay,eBay Research,,104.49,$104.49,Auction,,,https://www.ebay.com/sh/research?marketplace=EBAY-US&keywords=Pokemon+CHINESE+2000+1st+edition+pikachu&dayRange=1095&tabName=SOLD,user_chrome_research,,existing price_history.csv rate for date
2024-07-21,Pikachu,皮卡丘,PSA,9,PSA 9,108.5,3505,32.3,eBay,eBay Research,,108.5,$108.50,Auction,,,https://www.ebay.com/sh/research?marketplace=EBAY-US&keywords=Pokemon+CHINESE+2000+1st+edition+pikachu&dayRange=1095&tabName=SOLD,user_chrome_research,,existing price_history.csv rate for date
2024-07-06,Pikachu,皮卡丘,PSA,10,PSA 10,449.44,14517,32.3,eBay,eBay Research,,449.44,$449.44,Auction,,,https://www.ebay.com/sh/research?marketplace=EBAY-US&keywords=Pokemon+CHINESE+2000+1st+edition+pikachu&dayRange=1095&tabName=SOLD,user_chrome_research,,existing price_history.csv rate for date
2024-06-15,Pikachu,皮卡丘,PSA,8,PSA 8,140.3,4532,32.3,eBay,eBay Research,,140.3,$140.30,Fixed Price,,,https://www.ebay.com/sh/research?marketplace=EBAY-US&keywords=Pokemon+CHINESE+2000+1st+edition+pikachu&dayRange=1095&tabName=SOLD,user_chrome_research,,existing price_history.csv rate for date
2024-06-10,Pikachu,皮卡丘,CGC,9.5,CGC 9.5,130,4199,32.3,eBay,eBay Research,,130,$130.00,Fixed Price,,,https://www.ebay.com/sh/research?marketplace=EBAY-US&keywords=Pokemon+CHINESE+2000+1st+edition+pikachu&dayRange=1095&tabName=SOLD,user_chrome_research,,existing price_history.csv rate for date
2023-09-13,Pikachu,皮卡丘,PSA,9,PSA 9,111.5,3512,31.5,eBay,eBay Research,,111.5,$111.50,Auction,,,https://www.ebay.com/sh/research?marketplace=EBAY-US&keywords=Pokemon+CHINESE+2000+1st+edition+pikachu&dayRange=1095&tabName=SOLD,user_chrome_research,,existing price_history.csv rate for date
2023-09-03,Pikachu,皮卡丘,PSA,9,PSA 9,89.89,2832,31.5,eBay,eBay Research,,89.89,$89.89,Auction,,,https://www.ebay.com/sh/research?marketplace=EBAY-US&keywords=Pokemon+CHINESE+2000+1st+edition+pikachu&dayRange=1095&tabName=SOLD,user_chrome_research,,existing price_history.csv rate for date
